date,title,url,snippet,source,keyword_source,status,flags
2025-07-21,Google Alert - Lo-Fi,https://www.google.com/url?rct=j&sa=t&url=https://routenote.com/radar/aso-driving-a-warm-and-introspective-lo-fi-instrumental/&ct=ga&cd=CAEYACoUMTUxMzI2MDY1NTI0NDQwNDE0NjgyGjI5OWVmNjc3NDNjODE2NjA6Y29tOmVuOlVT&usg=AOvVaw1wXFO8Oq9IRKr99HL8UCPU>,"=== News - 10 new results for [Lo-Fi] ===  Aso - Driving: A Warm and Introspective Lo-Fi Instrumental - RouteNote - Radar RouteNote Aso's “Driving” is a warm, introspective lo-fi instrumental tha",Google Alert,lo-fi,pending,
2025-07-22,Google Alert - Lofi,https://www.google.com/url?rct=j&sa=t&url=https://earmilk.com/2025/07/21/t-m-shares-lo-fi-heartbreak-anthem-sadderday/&ct=ga&cd=CAEYACoTMTc3NjM2ODg1NjE5MzQ0Njk3ODIaN2UzM2ZkNjllYmQ3YmJkNjpjb206ZW46VVM&usg=AOvVaw1gL55KWIQdglAbNeeZY6oW>,=== News - 9 new results for [Lofi] ===  T.M. shares lo-fi heartbreak anthem “SADDERDAY” - EARMILK EARMILK T.M. shares lo-fi heartbreak anthem “SADDERDAY” ... In an era dominated by high-gloss pr,Google Alert,lo-fi,pending,
2025-07-28,Google Alert - Lofi,https://www.google.com/url?rct=j&sa=t&url=https://www.laughingplace.com/disney-entertainment/fantastic-four-mickey-lo-fi/&ct=ga&cd=CAEYACoUMTUxMzE5NDU1NDYxMzUwNzIxNjkyGjdlMzNmZDY5ZWJkN2JiZDY6Y29tOmVuOlVT&usg=AOvVaw3TC43MReqKA9gmznKZgbhB>,=== News - 3 new results for [Lofi] ===  Lofi with Layers: Disney's Newest Soundtrack Vid Checks Off A Few Boxes on the Synergy Checklist Laughing Place A new video has arrived featuring the soun,Google Alert,lo-fi,pending,
2025-07-30,Google Alert - Lofi,https://www.google.com/url?rct=j&sa=t&url=https://www.ainvest.com/news/moonbull-whitelist-capacity-lo-fi-volume-surges-47-mog-coin-bounces-2-2025-crypto-push-2507/&ct=ga&cd=CAEYACoTNDgzNzY3ODQzMDM0MzcwNzUyMDIaN2UzM2ZkNjllYmQ3YmJkNjpjb206ZW46VVM&usg=AOvVaw3vwtRZxAzsz4vCCHhSqCp2>,"=== News - 8 new results for [Lofi] ===  MoonBull Whitelist Near Capacity as lo-fi Volume Surges 47% and Mog Coin Bounces 2 ... AInvest MoonBull's whitelist is nearing capacity, drawing attention",Google Alert,lo-fi,trash,crypto_block
2025-07-31,Google Alert - Lo-Fi,https://www.google.com/url?rct=j&sa=t&url=https://www.eonline.com/news/1420565/youtubes-lo-fi-girl-graduates-after-studying-for-7-years&ct=ga&cd=CAEYACoUMTQwMzk1NTQxODQyNTg5MzA2NTEyGjI5OWVmNjc3NDNjODE2NjA6Y29tOmVuOlVT&usg=AOvVaw1AM1nlrwXmNwmTlV4BQ5vF>,=== News - 10 new results for [Lo-Fi] ===  YouTube's Lofi Girl Graduates After Studying for 7 Years - E! News E! News Lofi Girl—whose perpetual studying animation accompanies a long-running YouTu,Google Alert,lo-fi,pending,
2025-07-31,Google Alert - Lofi,https://www.google.com/url?rct=j&sa=t&url=https://www.eonline.com/news/1420565/youtubes-lo-fi-girl-graduates-after-studying-for-7-years&ct=ga&cd=CAEYACoUMTc0NTQ0MjgwMzA1NDEzNzExMTUyGjdlMzNmZDY5ZWJkN2JiZDY6Y29tOmVuOlVT&usg=AOvVaw1AM1nlrwXmNwmTlV4BQ5vF>,=== News - 10 new results for [Lofi] ===  YouTube's Lofi Girl Graduates After Studying for 7 Years - E! News E! News Lofi Girl—whose perpetual studying animation accompanies a long-running YouTub,Google Alert,lo-fi,pending,
2025-08-01,Google Alert - Lo-Fi,https://www.google.com/url?rct=j&sa=t&url=https://thehustle.co/news/this-ai-device-lets-you-watch-your-dreams-as-lo-fi-movies&ct=ga&cd=CAEYACoTMjU3MDQyMTkzODI2NTQzMDQzMTIaMjk5ZWY2Nzc0M2M4MTY2MDpjb206ZW46VVM&usg=AOvVaw0y1Na5K2a9bIzmhMCRx81V>,=== News - 10 new results for [Lo-Fi] ===  This AI device lets you watch your dreams as lo-fi movies - The Hustle The Hustle Modem's Dream Recorder generates users' dreams into lo-fi movies. <htt,Google Alert,lo-fi,pending,
2025-08-01,Google Alert - Lofi,https://www.google.com/url?rct=j&sa=t&url=https://vocal.media/humans/lo-fi-girl-graduates-after-eight-years-of-eternal-studying&ct=ga&cd=CAEYACoUMTQ2NTA2NTY2MDc5MjMyNjA2NjIyGjdlMzNmZDY5ZWJkN2JiZDY6Y29tOmVuOlVT&usg=AOvVaw1YxJg946-blgJkOMhiJAPp>,=== News - 10 new results for [Lofi] ===  Lofi Girl Graduates After Eight Years of Eternal Studying | Humans - Vocal Media Vocal Media The studying is over for the face behind the viral Lofi live,Google Alert,lo-fi,pending,
2025-08-02,Google Alert - Lo-Fi,https://www.google.com/url?rct=j&sa=t&url=https://timesofindia.indiatimes.com/etimes/trending/after-8-years-the-lo-fi-girl-has-finally-graduated-and-the-internet-is-nostalgic/articleshow/123051163.cms&ct=ga&cd=CAEYACoSMjc5NDIxMzc1ODQ5NTczMjc0MhoyOTllZjY3NzQzYzgxNjYwOmNvbTplbjpVUw&usg=AOvVaw3PHxOiZFXjMrLQ8_tZMA0m>,"=== News - 10 new results for [Lo-Fi] ===  After 8 years, the lo-fi girl has finally graduated- and the internet is nostalgic - Times of India Times of India Trending News: After eight years of c",Google Alert,lo-fi,pending,
2025-08-03,Google Alert - Lo-Fi,https://www.google.com/url?rct=j&sa=t&url=https://www.msn.com/en-us/music/news/vinyl-lp-of-lo-fi-remixes-of-classic-konami-arcade-themes/ar-AA1JJbf6&ct=ga&cd=CAEYACoUMTU4NTQ1MjYyNzAxNDE5NTk0NzMyGjI5OWVmNjc3NDNjODE2NjA6Y29tOmVuOlVT&usg=AOvVaw2eY9AnEOM3d5Suei_aR40L>,"=== News - 10 new results for [Lo-Fi] ===  Vinyl LP of lo-fi remixes of classic Konami arcade themes - MSN MSN Konami LoFi Beats To Chill To [sold out, try eBay] is a vinyl LP featuring relaxing,",Google Alert,lo-fi,pending,
2025-08-03,Google Alert - Lofi,https://www.google.com/url?rct=j&sa=t&url=https://www.msn.com/en-us/music/news/vinyl-lp-of-lo-fi-remixes-of-classic-konami-arcade-themes/ar-AA1JJbf6&ct=ga&cd=CAEYACoUMTgwMjM1OTA0NTYzNjA5MjQzMTEyGjdlMzNmZDY5ZWJkN2JiZDY6Y29tOmVuOlVT&usg=AOvVaw2eY9AnEOM3d5Suei_aR40L>,"=== News - 10 new results for [Lofi] ===  Vinyl LP of lo-fi remixes of classic Konami arcade themes - MSN MSN Konami LoFi Beats To Chill To [sold out, try eBay] is a vinyl LP featuring relaxing,",Google Alert,lo-fi,pending,
2025-08-04,Google Alert - Lofi,https://www.google.com/url?rct=j&sa=t&url=https://www.highsnobiety.com/p/havaianas-zellerfeld-3d-printed-flip-flop/&ct=ga&cd=CAEYACoTNTgxMDQyMDEwMzQ4MjQ2NjgzMTIaN2UzM2ZkNjllYmQ3YmJkNjpjb206ZW46VVM&usg=AOvVaw2YYaft4_PGzppJ_iwDqaQM>,"=== News - 5 new results for [Lofi] ===  Havaianas' 3D-Printed Flip-Flop Is Lo-Fi High-Tech Highsnobiety Havaianas & Zellerfeld's 3D-printed flip-flop is high-tech lo-fi footwear, a combo of cutt",Google Alert,lo-fi,pending,
2025-08-04,Google Alert - Lo-Fi,https://www.google.com/url?rct=j&sa=t&url=https://www.highsnobiety.com/p/havaianas-zellerfeld-3d-printed-flip-flop/&ct=ga&cd=CAEYACoUMTQ0OTQ5NDU2MjQ5MTI0MTc0NzQyGjI5OWVmNjc3NDNjODE2NjA6Y29tOmVuOlVT&usg=AOvVaw2YYaft4_PGzppJ_iwDqaQM>,"=== News - 10 new results for [Lo-Fi] ===  Havaianas' 3D-Printed Flip-Flop Is Lo-Fi High-Tech Highsnobiety Havaianas & Zellerfeld's 3D-printed flip-flop is high-tech lo-fi footwear, a combo of cu",Google Alert,lo-fi,pending,
2025-08-05,Google Alert - Lo-Fi,https://www.google.com/url?rct=j&sa=t&url=https://www.forbes.com/sites/danidiplacido/2025/08/04/its-the-end-of-an-era-for-youtubes-lo-fi-girl/&ct=ga&cd=CAEYACoSMzAxNzY0NDczNjQ1OTkwMzYzMhoyOTllZjY3NzQzYzgxNjYwOmNvbTplbjpVUw&usg=AOvVaw1JQ3XSptPgZdfuhD1Of4UI>,=== News - 10 new results for [Lo-Fi] ===  It's The End Of An Era For YouTube's 'Lofi Girl' - Forbes Forbes YouTube's Lofi Girl has finally finished her homework and officially 'graduated' after,Google Alert,lo-fi,pending,
2025-08-05,Google Alert - Lofi,https://www.google.com/url?rct=j&sa=t&url=https://www.forbes.com/sites/danidiplacido/2025/08/04/its-the-end-of-an-era-for-youtubes-lo-fi-girl/&ct=ga&cd=CAEYACoSOTM3ODUxNTY5MTE1NTUxNzM5Mho3ZTMzZmQ2OWViZDdiYmQ2OmNvbTplbjpVUw&usg=AOvVaw1JQ3XSptPgZdfuhD1Of4UI>,"=== News - 7 new results for [Lofi] ===  It's The End Of An Era For YouTube's 'Lofi Girl' - Forbes Forbes YouTube's Lofi Girl, who stars in “lo-fi hip radio beats to relax/study to” playlists and",Google Alert,lo-fi,pending,
2025-08-10,Google Alert - Lo-Fi,https://www.google.com/url?rct=j&sa=t&url=https://24hip-hop.com/aguynamed-chai-the-sound-of-vulnerability-with-swagger/&ct=ga&cd=CAEYACoTNzk4MzA4MzA5Mjg5OTA0ODI1OTIaMjk5ZWY2Nzc0M2M4MTY2MDpjb206ZW46VVM&usg=AOvVaw3BlMLl9W5CbXwQwxO8GWiI>,"=== News - 10 new results for [Lo-Fi] ===  aguynamed CHAI! — The Sound of Vulnerability With Swagger - 24Hip-Hop 24Hip-Hop Blending alternative hip-hop, indie rap, and lo-fi soul, CHAI! crafts a",Google Alert,lo-fi,pending,
2025-08-10,Google Alert - Lofi,https://www.google.com/url?rct=j&sa=t&url=https://www.ainvest.com/news/moonbull-gains-momentum-top-crypto-watch-2025-2508/&ct=ga&cd=CAEYACoUMTE4ODEwMDY4Njk1MzQ2NTg5ODkyGjdlMzNmZDY5ZWJkN2JiZDY6Y29tOmVuOlVT&usg=AOvVaw2sirupnGB1jYJJ4Oq3qG6Y>,"=== News - 1 new result for [Lofi] ===  MoonBull Gains Momentum as Top Crypto to Watch in 2025 - AInvest AInvest While MoonBull is generating significant buzz, lo-fi and Mog Coin are also demonst",Google Alert,lo-fi,trash,crypto_block
2025-08-11,Google Alert - Lofi,https://www.google.com/url?rct=j&sa=t&url=http://www.msn.com/en-us/tv/news/disney-and-iam8bit-team-up-for-a-lo-fi-gravity-falls-vinyl/ar-AA1HM6vK%3Fapiversion%3Dv2%26noservercache%3D1%26domshim%3D1%26renderwebcomponents%3D1%26wcseo%3D1%26batchservertelemetry%3D1%26noservertelemetry%3D1&ct=ga&cd=CAEYACoUMTI3NzA4MDMxOTI4OTA3NDY0MzkyGjdlMzNmZDY5ZWJkN2JiZDY6Y29tOmVuOlVT&usg=AOvVaw3kGuuuukEjdP9qRvw6PuNU>,"=== News - 2 new results for [Lofi] ===  Disney And iam8bit Team Up For A Lo-Fi 'Gravity Falls' Vinyl - MSN MSN Following the Grammy-nominated Gravity Falls vinyl, iam8bit and Disney have teamed",Google Alert,lo-fi,pending,
2025-08-11,Google Alert - Lo-Fi,https://www.google.com/url?rct=j&sa=t&url=http://www.msn.com/en-us/tv/news/disney-and-iam8bit-team-up-for-a-lo-fi-gravity-falls-vinyl/ar-AA1HM6vK%3Fapiversion%3Dv2%26noservercache%3D1%26domshim%3D1%26renderwebcomponents%3D1%26wcseo%3D1%26batchservertelemetry%3D1%26noservertelemetry%3D1&ct=ga&cd=CAEYACoUMTY4MzI4Mjc5OTgxOTcxMDQ1NzcyGjI5OWVmNjc3NDNjODE2NjA6Y29tOmVuOlVT&usg=AOvVaw3kGuuuukEjdP9qRvw6PuNU>,"=== News - 10 new results for [Lo-Fi] ===  Disney And iam8bit Team Up For A Lo-Fi 'Gravity Falls' Vinyl - MSN MSN Following the Grammy-nominated Gravity Falls vinyl, iam8bit and Disney have teame",Google Alert,lo-fi,pending,
2025-08-12,Google Alert - Lofi,https://sonicstate.com/news/2025/07/17/free-lo-fi-acoustic-guitar-instrument,=== News - 10 new results for [Lofi] ===,Google Alert,lofi,pending,
2025-08-12,Google Alert - Lofi,https://kottke.org/25/07/0047112-how-ai-wreaked-havoc-on,=== News - 10 new results for [Lofi] ===,Google Alert,lofi,pending,
2025-08-12,Google Alert - Lofi,https://www.youtube.com/watch?v=n67L1Mci3ps,=== News - 10 new results for [Lofi] ===,Google Alert,lofi,pending,
2025-08-12,Google Alert - Lofi,https://www.tctimes.com/local-events/?_evDiscoveryPath=/event/107072063n-kelsey-at-lofi,=== News - 10 new results for [Lofi] ===,Google Alert,lofi,pending,
2025-08-12,Google Alert - Lofi,https://www.filmibeat.com/bollywood/viral/2025/fans-relive-the-magic-of-seerat-kapoor-s-voice-with-the-new-lofi-version-of-her-debut-song-as-singer-470163.html,=== News - 10 new results for [Lofi] ===,Google Alert,lofi,pending,
2025-08-12,Google Alert - Lofi,https://pixelkin.org/2025/07/17/chill-music-game-spirit-city-is-hitting-the-road-er-rails-with-new-dlc/,=== News - 10 new results for [Lofi] ===,Google Alert,lofi,pending,
2025-08-12,Google Alert - Lofi,https://www.ainvest.com/news/moonbull-whitelist-nears-full-capacity-driving-urgency-traders-2507/,=== News - 10 new results for [Lofi] ===,Google Alert,lofi,pending,
2025-08-12,Google Alert - Lofi,https://www.msn.com/en-us/music/news/kenyas-star-tops-spotify-global-chart-as-local-artists-break-borders/ar-AA1IMsF1,=== News - 10 new results for [Lofi] ===,Google Alert,lofi,pending,
2025-08-12,Google Alert - Lofi,https://pitchfork.com/thepitch/the-battle-to-save-the-soul-of-city-pop-from-ai/,=== News - 10 new results for [Lofi] ===,Google Alert,lofi,pending,
2025-08-12,Google Alert - Lofi,https://www.backseatmafia.com/track-video-pussy-heaven-unveil-new-single-lily-with-lo-fi-ode-to-johannesburg/,=== News - 10 new results for [Lofi] ===,Google Alert,lofi,pending,
2025-08-12,Google Alert - Lo-Fi,https://routenote.com/radar/aso-driving-a-warm-and-introspective-lo-fi-instrumental/,=== News - 10 new results for [Lo-Fi] ===,Google Alert,lofi,pending,
2025-08-12,Google Alert - Lo-Fi,https://www.nag.co.za/2025/07/21/lo-fi-feels-and-lotus-vibes-bo-path-of-the-teal-lotus-drops-a-free-chill-ep/,=== News - 10 new results for [Lo-Fi] ===,Google Alert,lofi,pending,
2025-08-12,Google Alert - Lo-Fi,https://www.ainvest.com/news/stealthex-partners-lofi-crypto-giveaway-2507/,=== News - 10 new results for [Lo-Fi] ===,Google Alert,lofi,pending,
2025-08-12,Google Alert - Lo-Fi,https://www.ainvest.com/news/stealthex-partners-lofi-100-giveaway-2507/,=== News - 10 new results for [Lo-Fi] ===,Google Alert,lofi,pending,
2025-08-12,Google Alert - Lo-Fi,https://www.recordoftheday.com/record-of-the-day/2025-07-21/miracle2025,=== News - 10 new results for [Lo-Fi] ===,Google Alert,lofi,pending,
2025-08-12,Google Alert - Lo-Fi,https://cryptodaily.co.uk/2025/07/stealthex-and-lofi-project-launch-exclusive-giveaway-with-100-prize-pool-and-2-nfts,=== News - 10 new results for [Lo-Fi] ===,Google Alert,lofi,pending,
2025-08-12,Google Alert - Lo-Fi,https://everythingisnoise.net/weekly-featured-artist/wfa-indifferent-engine/,=== News - 10 new results for [Lo-Fi] ===,Google Alert,lofi,pending,
2025-08-12,Google Alert - Lo-Fi,https://www.youtube.com/watch?v=PD0ZqGe591I,=== News - 10 new results for [Lo-Fi] ===,Google Alert,lofi,pending,
2025-08-12,Google Alert - Lo-Fi,https://chaoszine.net/oli-sykes-and-alissic-share-the-names-and-a-photo-of-their-children/,=== News - 10 new results for [Lo-Fi] ===,Google Alert,lofi,pending,
2025-08-12,Google Alert - Lo-Fi,https://menafn.com/1109825763/Internet-music-known-for-its-soft-playful-often-ironic-tone,=== News - 10 new results for [Lo-Fi] ===,Google Alert,lofi,pending,
2025-08-12,Google Alert - Lofi,https://earmilk.com/2025/07/21/t-m-shares-lo-fi-heartbreak-anthem-sadderday/,=== News - 9 new results for [Lofi] ===,Google Alert,lofi,pending,
2025-08-12,Google Alert - Lofi,https://www.ainvest.com/news/stealthex-partners-lofi-100-giveaway-2507/,=== News - 9 new results for [Lofi] ===,Google Alert,lofi,pending,
2025-08-12,Google Alert - Lofi,https://www.ainvest.com/news/stealthex-partners-lofi-crypto-giveaway-2507/,=== News - 9 new results for [Lofi] ===,Google Alert,lofi,pending,
2025-08-12,Google Alert - Lofi,https://cryptodaily.co.uk/2025/07/stealthex-and-lofi-project-launch-exclusive-giveaway-with-100-prize-pool-and-2-nfts,=== News - 9 new results for [Lofi] ===,Google Alert,lofi,pending,
2025-08-12,Google Alert - Lofi,https://www.castanet.net/pressroom/pressrelease.php?id=3137,=== News - 9 new results for [Lofi] ===,Google Alert,lofi,pending,
2025-08-12,Google Alert - Lofi,https://www.youtube.com/watch?v=rlv3eptSUj0,=== News - 9 new results for [Lofi] ===,Google Alert,lofi,pending,
2025-08-12,Google Alert - Lofi,https://www.pressreader.com/sri-lanka/daily-mirror-sri-lanka/20250722/282260966501072,=== News - 9 new results for [Lofi] ===,Google Alert,lofi,pending,
2025-08-12,Google Alert - Lofi,https://menafn.com/1109825763/Internet-music-known-for-its-soft-playful-often-ironic-tone,=== News - 9 new results for [Lofi] ===,Google Alert,lofi,pending,
2025-08-12,Google Alert - Lofi,https://cairoscene.com/Noise/Cairo-s-New-Wave-of-Indie-Bands,=== News - 9 new results for [Lofi] ===,Google Alert,lofi,pending,
2025-08-12,Google Alert - Lofi,https://www.youtube.com/watch?v=SXySxLgCV-8,=== News - 9 new results for [Lofi] ===,Google Alert,lofi,pending,
2025-08-12,Google Alert - Lofi,https://www.laughingplace.com/disney-entertainment/fantastic-four-mickey-lofi/,=== News - 3 new results for [Lofi] ===,Google Alert,lofi,pending,
2025-08-12,Google Alert - Lofi,https://www.ainvest.com/news/dogecoin-news-today-moonbull-exclusive-whitelist-drives-meme-coin-frenzy-lofi-neiro-offer-niche-strategies-2507/,=== News - 3 new results for [Lofi] ===,Google Alert,lofi,pending,
2025-08-12,Google Alert - Lofi,https://www.ainvest.com/news/ethereum-news-today-moonbull-mobu-emerges-high-growth-ethereum-meme-coin-mirroring-lofi-strategy-2507/,=== News - 3 new results for [Lofi] ===,Google Alert,lofi,pending,
2025-08-12,Google Alert - Lofi,https://www.ainvest.com/news/moonbull-whitelist-capacity-lofi-volume-surges-47-mog-coin-bounces-2-2025-crypto-push-2507/,=== News - 8 new results for [Lofi] ===,Google Alert,lofi,pending,
2025-08-12,Google Alert - Lofi,https://www.fanthatracks.com/news/film-music-tv/star-wars-lofi-power-of-two-from-star-wars-lofi-vol-5-visualizer-video/,=== News - 8 new results for [Lofi] ===,Google Alert,lofi,pending,
2025-08-12,Google Alert - Lofi,https://www.latestly.com/socially/social-viral/lofi-girl-has-graduated-iconic-animated-character-from-youtube-channel-announces-milestone-achievement-concluding-her-long-standing-depiction-of-perpetual-study-sessions-watch-video-7032405.html,=== News - 8 new results for [Lofi] ===,Google Alert,lofi,pending,
2025-08-12,Google Alert - Lofi,https://crypto-economy.com/top-6-meme-coins-with-real-potential-one-early-access-project-is-already-changing-the-game/,=== News - 8 new results for [Lofi] ===,Google Alert,lofi,pending,
2025-08-12,Google Alert - Lofi,https://brooklynrail.org/2025/07/artseen/daniel-johnston-i-think-i-draw-i-am/,=== News - 8 new results for [Lofi] ===,Google Alert,lofi,pending,
2025-08-12,Google Alert - Lofi,https://ra.co/events/2225933,=== News - 8 new results for [Lofi] ===,Google Alert,lofi,pending,
2025-08-12,Google Alert - Lofi,https://vocal.media/beat/the-future-of-independent-music-in-2025-diy-decentralized-and-dominant,=== News - 8 new results for [Lofi] ===,Google Alert,lofi,pending,
2025-08-12,Google Alert - Lofi,https://www.fanthatracks.com/news/conventions-events/dorchester-strikes-back-2025-saturday-2nd-sunday-3rd-august-2025/,=== News - 8 new results for [Lofi] ===,Google Alert,lofi,pending,
2025-08-12,Google Alert - Lo-Fi,https://www.eonline.com/news/1420565/youtubes-lofi-girl-graduates-after-studying-for-7-years,=== News - 10 new results for [Lo-Fi] ===,Google Alert,lofi,pending,
2025-08-12,Google Alert - Lo-Fi,https://www.straitstimes.com/life/entertainment/youtubes-lofi-girl-finally-finishes-homework-and-graduates-after-8-years,=== News - 10 new results for [Lo-Fi] ===,Google Alert,lofi,pending,
2025-08-12,Google Alert - Lo-Fi,https://www.yahoo.com/entertainment/articles/lofi-girl-youtube-iconic-study-090544829.html,=== News - 10 new results for [Lo-Fi] ===,Google Alert,lofi,pending,
2025-08-12,Google Alert - Lo-Fi,https://toonado.com/television/lofi-girl-announces-that-she-has-finally-graduated-a9926,=== News - 10 new results for [Lo-Fi] ===,Google Alert,lofi,pending,
2025-08-12,Google Alert - Lo-Fi,https://www.malaymail.com/news/life/2025/07/31/lofi-girl-finally-graduates-after-seven-years-of-non-stop-studying/185984,=== News - 10 new results for [Lo-Fi] ===,Google Alert,lofi,pending,
2025-08-12,Google Alert - Lo-Fi,https://tribune.com.pk/story/2558838/who-is-lofi-girl-youtubes-iconic-study-streamer-graduates-after-7-years-of-non-stop-studying,=== News - 10 new results for [Lo-Fi] ===,Google Alert,lofi,pending,
2025-08-12,Google Alert - Lo-Fi,https://billboardphilippines.com/culture/lifestyle/youtubes-lofi-girl-finally-graduates-after-8-years/,=== News - 10 new results for [Lo-Fi] ===,Google Alert,lofi,pending,
2025-08-12,Google Alert - Lo-Fi,https://www.youtube.com/watch?v=rvbk7Cu-Jkw,=== News - 10 new results for [Lo-Fi] ===,Google Alert,lofi,pending,
2025-08-12,Google Alert - Lo-Fi,https://www.soapcentral.com/pop-culture/news-1-who-person-behind-lofi-girl-details-explored-youtuber-announces-graduation-7-years-studying,=== News - 10 new results for [Lo-Fi] ===,Google Alert,lofi,pending,
2025-08-12,Google Alert - Lo-Fi,https://www.primetimer.com/features/who-is-lofi-girl-viral-posts-youtuber-graduated-7-years-flood-social-media,=== News - 10 new results for [Lo-Fi] ===,Google Alert,lofi,pending,
2025-08-12,Google Alert - Lofi,https://www.eonline.com/news/1420565/youtubes-lofi-girl-graduates-after-studying-for-7-years,=== News - 10 new results for [Lofi] ===,Google Alert,lofi,pending,
2025-08-12,Google Alert - Lofi,https://www.straitstimes.com/life/entertainment/youtubes-lofi-girl-finally-finishes-homework-and-graduates-after-8-years,=== News - 10 new results for [Lofi] ===,Google Alert,lofi,pending,
2025-08-12,Google Alert - Lofi,https://toonado.com/television/lofi-girl-announces-that-she-has-finally-graduated-a9926,=== News - 10 new results for [Lofi] ===,Google Alert,lofi,pending,
2025-08-12,Google Alert - Lofi,https://www.malaymail.com/news/life/2025/07/31/lofi-girl-finally-graduates-after-seven-years-of-non-stop-studying/185984,=== News - 10 new results for [Lofi] ===,Google Alert,lofi,pending,
2025-08-12,Google Alert - Lofi,https://www.yahoo.com/entertainment/articles/lofi-girl-youtube-iconic-study-090544829.html,=== News - 10 new results for [Lofi] ===,Google Alert,lofi,pending,
2025-08-12,Google Alert - Lofi,https://www.youtube.com/watch?v=rvbk7Cu-Jkw,=== News - 10 new results for [Lofi] ===,Google Alert,lofi,pending,
2025-08-12,Google Alert - Lofi,https://billboardphilippines.com/culture/lifestyle/youtubes-lofi-girl-finally-graduates-after-8-years/,=== News - 10 new results for [Lofi] ===,Google Alert,lofi,pending,
2025-08-12,Google Alert - Lofi,https://tribune.com.pk/story/2558838/who-is-lofi-girl-youtubes-iconic-study-streamer-graduates-after-7-years-of-non-stop-studying,=== News - 10 new results for [Lofi] ===,Google Alert,lofi,pending,
2025-08-12,Google Alert - Lofi,https://www.soapcentral.com/pop-culture/news-1-who-person-behind-lofi-girl-details-explored-youtuber-announces-graduation-7-years-studying,=== News - 10 new results for [Lofi] ===,Google Alert,lofi,pending,
2025-08-12,Google Alert - Lofi,https://esports.gg/news/league-of-legends/spirit-blossom-springs-lofi-remix-ep-now-available-on-spotify/,=== News - 10 new results for [Lofi] ===,Google Alert,lofi,pending,
2025-08-12,Google Alert - Lo-Fi,https://thehustle.co/news/this-ai-device-lets-you-watch-your-dreams-as-lo-fi-movies,=== News - 10 new results for [Lo-Fi] ===,Google Alert,lofi,pending,
2025-08-12,Google Alert - Lo-Fi,https://vocal.media/humans/lofi-girl-graduates-after-eight-years-of-eternal-studying,=== News - 10 new results for [Lo-Fi] ===,Google Alert,lofi,pending,
2025-08-12,Google Alert - Lo-Fi,https://mezha.net/eng/bukvy/lofi-girl-has-graduated-the-story-and-impact-of-the-popular-youtube-channel/,=== News - 10 new results for [Lo-Fi] ===,Google Alert,lofi,pending,
2025-08-12,Google Alert - Lo-Fi,https://www.premierguitar.com/pro-advice/the-good-stuff/dave-grohl-gas-can-amp,=== News - 10 new results for [Lo-Fi] ===,Google Alert,lofi,pending,
2025-08-12,Google Alert - Lo-Fi,https://inshorts.com/en/amp_news/youtube-s-study-streamer-lofi-girl-announces-her-graduation-after-7-years--1753974716297,=== News - 10 new results for [Lo-Fi] ===,Google Alert,lofi,pending,
2025-08-12,Google Alert - Lo-Fi,https://www.distractify.com/p/who-runs-lofi-girl,=== News - 10 new results for [Lo-Fi] ===,Google Alert,lofi,pending,
2025-08-12,Google Alert - Lo-Fi,https://www.arlnow.com/2025/07/31/aims-website-and-radio-station-go-dark-though-leaders-arent-sure-why/,=== News - 10 new results for [Lo-Fi] ===,Google Alert,lofi,pending,
2025-08-12,Google Alert - Lo-Fi,https://www.msn.com/en-us/news/technology/youtubes-lofi-girl-graduates-after-studying-for-7-years/ar-AA1JCnR4,=== News - 10 new results for [Lo-Fi] ===,Google Alert,lofi,pending,
2025-08-12,Google Alert - Lo-Fi,https://www.newjerseystage.com/articles2/2025/07/31/echo-plum-releases-feels-like-home/,=== News - 10 new results for [Lo-Fi] ===,Google Alert,lofi,pending,
2025-08-12,Google Alert - Lo-Fi,https://crypto-economy.com/where-utility-meets-viral-firepower-moonbulls-next-big-crypto-moment-is-now-lofi-and-comedian-are-riding-the-surge/,=== News - 10 new results for [Lo-Fi] ===,Google Alert,lofi,pending,
2025-08-12,Google Alert - Lofi,https://vocal.media/humans/lofi-girl-graduates-after-eight-years-of-eternal-studying,=== News - 10 new results for [Lofi] ===,Google Alert,lofi,pending,
2025-08-12,Google Alert - Lofi,https://www.channelnewsasia.com/trending/lofi-girl-graduates-after-8-years-done-studying-5271376,=== News - 10 new results for [Lofi] ===,Google Alert,lofi,pending,
2025-08-12,Google Alert - Lofi,https://www.socialketchup.in/pop-culture/lofi-girl-gradutated-9614325,=== News - 10 new results for [Lofi] ===,Google Alert,lofi,pending,
2025-08-12,Google Alert - Lofi,https://mezha.net/eng/bukvy/lofi-girl-has-graduated-the-story-and-impact-of-the-popular-youtube-channel/,=== News - 10 new results for [Lofi] ===,Google Alert,lofi,pending,
2025-08-12,Google Alert - Lofi,https://inshorts.com/en/amp_news/youtube-s-study-streamer-lofi-girl-announces-her-graduation-after-7-years--1753974716297,=== News - 10 new results for [Lofi] ===,Google Alert,lofi,pending,
2025-08-12,Google Alert - Lofi,https://thehustle.co/news/this-ai-device-lets-you-watch-your-dreams-as-lo-fi-movies,=== News - 10 new results for [Lofi] ===,Google Alert,lofi,pending,
2025-08-12,Google Alert - Lofi,https://www.distractify.com/p/lofi-girl-graduated,=== News - 10 new results for [Lofi] ===,Google Alert,lofi,pending,
2025-08-12,Google Alert - Lofi,https://www.msn.com/en-us/news/technology/youtubes-lofi-girl-graduates-after-studying-for-7-years/ar-AA1JCnR4,=== News - 10 new results for [Lofi] ===,Google Alert,lofi,pending,
2025-08-12,Google Alert - Lofi,https://www.distractify.com/p/who-runs-lofi-girl,=== News - 10 new results for [Lofi] ===,Google Alert,lofi,pending,
2025-08-12,Google Alert - Lofi,https://crypto-economy.com/where-utility-meets-viral-firepower-moonbulls-next-big-crypto-moment-is-now-lofi-and-comedian-are-riding-the-surge/,=== News - 10 new results for [Lofi] ===,Google Alert,lofi,pending,
2025-08-12,Google Alert - Lo-Fi,https://timesofindia.indiatimes.com/etimes/trending/after-8-years-the-lo-fi-girl-has-finally-graduated-and-the-internet-is-nostalgic/articleshow/123051163.cms,=== News - 10 new results for [Lo-Fi] ===,Google Alert,lofi,pending,
2025-08-12,Google Alert - Lo-Fi,https://www.channelnewsasia.com/trending/lofi-girl-graduates-after-8-years-done-studying-5271376,=== News - 10 new results for [Lo-Fi] ===,Google Alert,lofi,pending,
2025-08-12,Google Alert - Lo-Fi,https://www.tubefilter.com/2025/08/01/roundup-faze-clan-banks-lofi-girl-blippi/amp/,=== News - 10 new results for [Lo-Fi] ===,Google Alert,lofi,pending,
2025-08-12,Google Alert - Lo-Fi,https://www.thelineofbestfit.com/tracks/hether-falling-for-the-feeling,=== News - 10 new results for [Lo-Fi] ===,Google Alert,lofi,pending,
2025-08-12,Google Alert - Lo-Fi,http://www.msn.com/en-us/health/other/mother-of-flies-review-the-adams-officially-arrive-as-americas-next-great-lo-fi-horror-family/ar-AA1JKP81?apiversion=v2&noservercache=1&domshim=1&renderwebcomponents=1&wcseo=1&batchservertelemetry=1&noservertelemetry=1,=== News - 10 new results for [Lo-Fi] ===,Google Alert,lofi,pending,
2025-08-12,Google Alert - Lo-Fi,https://www.socialketchup.in/pop-culture/lofi-girl-gradutated-9614325,=== News - 10 new results for [Lo-Fi] ===,Google Alert,lofi,pending,
2025-08-12,Google Alert - Lo-Fi,https://m.imdb.com/fr/news/ni65408752/?ref_=nwc_art_perm,=== News - 10 new results for [Lo-Fi] ===,Google Alert,lofi,pending,
2025-08-12,Google Alert - Lo-Fi,https://www.msn.com/en-in/news/other/after-8-years-the-lo-fi-girl-has-finally-graduated-and-the-internet-is-nostalgic/ar-AA1JKUzK,=== News - 10 new results for [Lo-Fi] ===,Google Alert,lofi,pending,
2025-08-12,Google Alert - Lo-Fi,https://boingboing.net/2025/08/01/vinyl-lp-of-lo-fi-remixes-of-classic-konami-arcade-themes.html,=== News - 10 new results for [Lo-Fi] ===,Google Alert,lofi,pending,
2025-08-12,Google Alert - Lo-Fi,https://www.indiewire.com/criticism/movies/mother-of-flies-review-1235142396/,=== News - 10 new results for [Lo-Fi] ===,Google Alert,lofi,pending,
2025-08-12,Google Alert - Lo-Fi,https://www.msn.com/en-us/music/news/vinyl-lp-of-lo-fi-remixes-of-classic-konami-arcade-themes/ar-AA1JJbf6,=== News - 10 new results for [Lo-Fi] ===,Google Alert,lofi,pending,
2025-08-12,Google Alert - Lo-Fi,https://www.tcpalm.com/things-to-do/events/?_evDiscoveryPath=/event/107103499n-rohna-charleston-indie-night-at-lo-fi-brewing,=== News - 10 new results for [Lo-Fi] ===,Google Alert,lofi,pending,
2025-08-12,Google Alert - Lo-Fi,https://www.wnyc.org/story/esha-tewari-at-bowery-ballroom/,=== News - 10 new results for [Lo-Fi] ===,Google Alert,lofi,pending,
2025-08-12,Google Alert - Lo-Fi,https://ca.news.yahoo.com/wasn-t-just-arctic-north-200000455.html,=== News - 10 new results for [Lo-Fi] ===,Google Alert,lofi,pending,
2025-08-12,Google Alert - Lo-Fi,https://www.digitalcameraworld.com/photography/travel-photography/travellers-are-more-likely-to-trust-bad-photos-than-good-ones-survey-reveals,=== News - 10 new results for [Lo-Fi] ===,Google Alert,lofi,pending,
2025-08-12,Google Alert - Lo-Fi,https://ca.news.yahoo.com/liam-neeson-ricky-gervais-clip-220000672.html,=== News - 10 new results for [Lo-Fi] ===,Google Alert,lofi,pending,
2025-08-12,Google Alert - Lo-Fi,https://explosionnetwork.com/new-trailer-for-the-conjuring-last-rites-will-give-you-nightmares/,=== News - 10 new results for [Lo-Fi] ===,Google Alert,lofi,pending,
2025-08-12,Google Alert - Lo-Fi,https://www.newindianexpress.com/magazine/2025/Aug/03/infrared-is-hot-not-the-way-you-think,=== News - 10 new results for [Lo-Fi] ===,Google Alert,lofi,pending,
2025-08-12,Google Alert - Lo-Fi,https://www.indiewire.com/features/podcast/screen-talk-mubi-the-naked-gun-paramount-1235142316/,=== News - 10 new results for [Lo-Fi] ===,Google Alert,lofi,pending,
2025-08-12,Google Alert - Lo-Fi,https://www.indiatoday.in/visualstories/education/5-science-backed-ways-to-improve-focus-and-concentration-253152-03-08-2025,=== News - 10 new results for [Lo-Fi] ===,Google Alert,lofi,pending,
2025-08-12,Google Alert - Lofi,https://www.msn.com/en-us/music/news/vinyl-lp-of-lo-fi-remixes-of-classic-konami-arcade-themes/ar-AA1JJbf6,=== News - 10 new results for [Lofi] ===,Google Alert,lofi,pending,
2025-08-12,Google Alert - Lofi,https://www.ainvest.com/news/moonbull-gains-momentum-shiba-inu-lofi-lose-ground-2508/,=== News - 10 new results for [Lofi] ===,Google Alert,lofi,pending,
2025-08-12,Google Alert - Lofi,https://www.msn.com/en-in/news/other/after-8-years-the-lo-fi-girl-has-finally-graduated-and-the-internet-is-nostalgic/ar-AA1JKUzK,=== News - 10 new results for [Lofi] ===,Google Alert,lofi,pending,
2025-08-12,Google Alert - Lofi,https://folhadoes.com/44d4066ecdd/649ab627-5yx6BWlEVcY,=== News - 10 new results for [Lofi] ===,Google Alert,lofi,pending,
2025-08-12,Google Alert - Lofi,https://www.ainvest.com/news/moonbull-attracts-attention-whitelist-offering-notcoin-volume-rises-98-lofi-holds-433-gains-2508/,=== News - 10 new results for [Lofi] ===,Google Alert,lofi,pending,
2025-08-12,Google Alert - Lofi,https://www.tcpalm.com/things-to-do/events/?_evDiscoveryPath=/event/107103499n-rohna-charleston-indie-night-at-lo-fi-brewing,=== News - 10 new results for [Lofi] ===,Google Alert,lofi,pending,
2025-08-12,Google Alert - Lofi,https://www.ainvest.com/news/moonbull-drives-hype-exclusive-whitelist-secret-rewards-2508/,=== News - 10 new results for [Lofi] ===,Google Alert,lofi,pending,
2025-08-12,Google Alert - Lofi,https://www.youtube.com/watch?v=54irPK0AxyE,=== News - 10 new results for [Lofi] ===,Google Alert,lofi,pending,
2025-08-12,Google Alert - Lofi,http://www.msn.com/en-us/entertainment/news/eastwest-sounds-at-plugin-week-2025-introducing-lo-fi-ancient-kingdom-plus-get-composercloud-for-its-lowest-price-ever/ar-AA1HGh9J?apiversion=v2&noservercache=1&domshim=1&renderwebcomponents=1&wcseo=1&batchservertelemetry=1&noservertelemetry=1,=== News - 10 new results for [Lofi] ===,Google Alert,lofi,pending,
2025-08-12,Google Alert - Lofi,https://blockchainreporter.net/crypto-market-faces-short-term-bearish-momentum-with-rising-volatility/,=== News - 10 new results for [Lofi] ===,Google Alert,lofi,pending,
2025-08-12,Google Alert - Lofi,https://www.highsnobiety.com/p/havaianas-zellerfeld-3d-printed-flip-flop/,=== News - 5 new results for [Lofi] ===,Google Alert,lofi,pending,
2025-08-12,Google Alert - Lofi,https://crypto-economy.com/11-billion-tokens-burned-arctic-pablos-0-00062-price-nears-vanish-point-while-cheems-and-lofi-roar/,=== News - 5 new results for [Lofi] ===,Google Alert,lofi,pending,
2025-08-12,Google Alert - Lofi,https://www.thecryptoupdates.com/this-isnt-just-a-meme-4-top-new-meme-coins-to-buy-and-hold-for-long-term-right-meow/,=== News - 5 new results for [Lofi] ===,Google Alert,lofi,pending,
2025-08-12,Google Alert - Lofi,https://www.ainvest.com/news/troller-cat-meme-coin-surges-354-15-roi-presale-stage-16-2508/,=== News - 5 new results for [Lofi] ===,Google Alert,lofi,pending,
2025-08-12,Google Alert - Lofi,https://themusic.com.au/news/laguna-creative-empowerment-grime-nostalgia-sweetlips/DZGzAQADAgU/04-08-25,=== News - 5 new results for [Lofi] ===,Google Alert,lofi,pending,
2025-08-12,Google Alert - Lo-Fi,https://www.highsnobiety.com/p/havaianas-zellerfeld-3d-printed-flip-flop/,=== News - 10 new results for [Lo-Fi] ===,Google Alert,lofi,pending,
2025-08-12,Google Alert - Lo-Fi,https://vocal.media/fyi/my-name-is-pink-why-tik-tok-s-opposite-trend-speaks-louder-than-you-think,=== News - 10 new results for [Lo-Fi] ===,Google Alert,lofi,pending,
2025-08-12,Google Alert - Lo-Fi,https://ufo-network.com/2025/08/04/edm-trends-august-2025/,=== News - 10 new results for [Lo-Fi] ===,Google Alert,lofi,pending,
2025-08-12,Google Alert - Lo-Fi,https://www.brenhambanner.com/local-events/?_evDiscoveryPath=/event/107135091n-zenjii-tiny-table-concert-series,=== News - 10 new results for [Lo-Fi] ===,Google Alert,lofi,pending,
2025-08-12,Google Alert - Lo-Fi,https://www.techeblog.com/nucleo-reverb-nuclear-power-plant-guitar-pedal/,=== News - 10 new results for [Lo-Fi] ===,Google Alert,lofi,pending,
2025-08-12,Google Alert - Lo-Fi,https://www.favikon.com/blog/who-is-lily-ki-aka-lilypichu,=== News - 10 new results for [Lo-Fi] ===,Google Alert,lofi,pending,
2025-08-12,Google Alert - Lo-Fi,https://www.antimusic.com/p/25/0803d4vd_announces_withered_deluxe_marcescence_with_hannah_bahng_collab.shtml,=== News - 10 new results for [Lo-Fi] ===,Google Alert,lofi,pending,
2025-08-12,Google Alert - Lo-Fi,https://www.watoday.com.au/goodfood/sydney-eating-out/euro-summer-comes-to-cronulla-with-athenian-wine-bar-homer-20250801-p5mjop.html?ref=rss&utm_medium=rss&utm_source=rss_feed,=== News - 10 new results for [Lo-Fi] ===,Google Alert,lofi,pending,
2025-08-12,Google Alert - Lo-Fi,https://www.inkl.com/news/i-turned-my-fujifilm-x-t5-into-a-vlogging-camera-for-less-than-us-20,=== News - 10 new results for [Lo-Fi] ===,Google Alert,lofi,pending,
2025-08-12,Google Alert - Lo-Fi,https://crypto-economy.com/11-billion-tokens-burned-arctic-pablos-0-00062-price-nears-vanish-point-while-cheems-and-lofi-roar/,=== News - 10 new results for [Lo-Fi] ===,Google Alert,lofi,pending,
2025-08-12,Google Alert - Lo-Fi,https://www.forbes.com/sites/danidiplacido/2025/08/04/its-the-end-of-an-era-for-youtubes-lofi-girl/,=== News - 10 new results for [Lo-Fi] ===,Google Alert,lofi,pending,
2025-08-12,Google Alert - Lo-Fi,https://v13.net/2025/08/i61-delivers-lo-fi-storytelling-with-soul-on-storytell-2/,=== News - 10 new results for [Lo-Fi] ===,Google Alert,lofi,pending,
2025-08-12,Google Alert - Lo-Fi,https://inews.zoombangla.com/lofi-girl-graduates-viral-study-icon-ends-record-stream-after-7-years/,=== News - 10 new results for [Lo-Fi] ===,Google Alert,lofi,pending,
2025-08-12,Google Alert - Lo-Fi,https://www.dailydot.com/news/lofi-girl-graduated/,=== News - 10 new results for [Lo-Fi] ===,Google Alert,lofi,pending,
2025-08-12,Google Alert - Lo-Fi,https://www.treblezine.com/10-great-punk-albums-from-spring-summer-2025/,=== News - 10 new results for [Lo-Fi] ===,Google Alert,lofi,pending,
2025-08-12,Google Alert - Lo-Fi,https://echoesanddust.com/2025/08/duncan-park-path-to-the-gallows/,=== News - 10 new results for [Lo-Fi] ===,Google Alert,lofi,pending,
2025-08-12,Google Alert - Lo-Fi,https://www.gamespress.com/en-GB/Spirit-City-Lofi-Sessions-Announces-All-Aboard-Expansion-Release-Date,=== News - 10 new results for [Lo-Fi] ===,Google Alert,lofi,pending,
2025-08-12,Google Alert - Lo-Fi,https://www.smh.com.au/goodfood/melbourne-eating-out/its-sibling-is-unmistakably-melbourne-but-does-harriot-have-the-same-pulling-power-20250801-p5mjm3.html,=== News - 10 new results for [Lo-Fi] ===,Google Alert,lofi,pending,
2025-08-12,Google Alert - Lo-Fi,https://losalamosreporter.com/2025/08/04/tokyo-nights-anime-lounge-set-for-aug-9-at-sala-social-center/,=== News - 10 new results for [Lo-Fi] ===,Google Alert,lofi,pending,
2025-08-12,Google Alert - Lo-Fi,https://www.empireonline.com/movies/news/toxic-avenger-trailer-exclusive-troma-cult-hero/,=== News - 10 new results for [Lo-Fi] ===,Google Alert,lofi,pending,
2025-08-12,Google Alert - Lofi,https://www.forbes.com/sites/danidiplacido/2025/08/04/its-the-end-of-an-era-for-youtubes-lofi-girl/,=== News - 7 new results for [Lofi] ===,Google Alert,lofi,pending,
2025-08-12,Google Alert - Lofi,https://v13.net/2025/08/i61-delivers-lo-fi-storytelling-with-soul-on-storytell-2/,=== News - 7 new results for [Lofi] ===,Google Alert,lofi,pending,
2025-08-12,Google Alert - Lofi,https://inews.zoombangla.com/lofi-girl-graduates-viral-study-icon-ends-record-stream-after-7-years/,=== News - 7 new results for [Lofi] ===,Google Alert,lofi,pending,
2025-08-12,Google Alert - Lofi,https://www.dailydot.com/news/lofi-girl-graduated/,=== News - 7 new results for [Lofi] ===,Google Alert,lofi,pending,
2025-08-12,Google Alert - Lofi,https://crypto-economy.com/limited-access-in-this-1000x-crypto-moonbull-whitelist-filling-rapidly-as-dogwifhat-eyes-1-and-lofi-slips-lower/,=== News - 7 new results for [Lofi] ===,Google Alert,lofi,pending,
2025-08-12,Google Alert - Lofi,https://www.theage.com.au/goodfood/melbourne-eating-out/its-sibling-is-unmistakably-melbourne-but-does-harriot-have-the-same-pulling-power-20250801-p5mjm3.html,=== News - 7 new results for [Lofi] ===,Google Alert,lofi,pending,
2025-08-12,Google Alert - Lofi,https://www.smh.com.au/goodfood/melbourne-eating-out/its-sibling-is-unmistakably-melbourne-but-does-harriot-have-the-same-pulling-power-20250801-p5mjm3.html,=== News - 7 new results for [Lofi] ===,Google Alert,lofi,pending,
2025-08-12,Google Alert - Lo-Fi,https://24hip-hop.com/aguynamed-chai-the-sound-of-vulnerability-with-swagger/,=== News - 10 new results for [Lo-Fi] ===,Google Alert,lofi,pending,
2025-08-12,Google Alert - Lo-Fi,https://www.wkms.org/podcast/alien-lanes/2025-08-09/alien-lanes-august-8-2025,=== News - 10 new results for [Lo-Fi] ===,Google Alert,lofi,pending,
2025-08-12,Google Alert - Lo-Fi,https://faroutmagazine.co.uk/best-chrome-albums-of-all-time/,=== News - 10 new results for [Lo-Fi] ===,Google Alert,lofi,pending,
2025-08-12,Google Alert - Lo-Fi,https://rollingstoneindia.com/this-luxury-party-resort-is-as-much-about-slowing-down-as-it-is-about-iconic-ibiza-raves/amp/,=== News - 10 new results for [Lo-Fi] ===,Google Alert,lofi,pending,
2025-08-12,Google Alert - Lo-Fi,https://www.vcreporter.com/local-events/?_evDiscoveryPath=/event/107198883n-logan-ellis-sheppard-seacoast-grace-sunday-service,=== News - 10 new results for [Lo-Fi] ===,Google Alert,lofi,pending,
2025-08-12,Google Alert - Lo-Fi,https://www.irishstar.com/news/us-news/walmart-new-stores-popup-trucks-35700954,=== News - 10 new results for [Lo-Fi] ===,Google Alert,lofi,pending,
2025-08-12,Google Alert - Lo-Fi,https://www.starburstmagazine.com/reviews/fly-you-fools-edinburgh-fringe/,=== News - 10 new results for [Lo-Fi] ===,Google Alert,lofi,pending,
2025-08-12,Google Alert - Lo-Fi,https://www.exmouthjournal.co.uk/local-events?_evDiscoveryPath=/event/1034279830n-the-bluetones,=== News - 10 new results for [Lo-Fi] ===,Google Alert,lofi,pending,
2025-08-12,Google Alert - Lo-Fi,https://www.personcountylife.com/local-events/?_evDiscoveryPath=/event/107103245n-the-prof-fuzz-63,=== News - 10 new results for [Lo-Fi] ===,Google Alert,lofi,pending,
2025-08-12,Google Alert - Lo-Fi,https://keithlovesmovies.com/2025/08/08/fantasia-fest-2025-obex-review/,=== News - 10 new results for [Lo-Fi] ===,Google Alert,lofi,pending,
2025-08-12,Google Alert - Lo-Fi,https://m.youtube.com/watch?v=J87SoygF34g&pp=0gcJCa0JAYcqIYzv,=== News - 10 new results for [Lo-Fi] ===,Google Alert,lofi,pending,
2025-08-12,Google Alert - Lofi,https://www.ainvest.com/news/moonbull-gains-momentum-top-crypto-watch-2025-2508/,=== News - 1 new result for [Lofi] ===,Google Alert,lofi,pending,
2025-08-12,Google Alert - Lofi,http://www.msn.com/en-us/tv/news/disney-and-iam8bit-team-up-for-a-lo-fi-gravity-falls-vinyl/ar-AA1HM6vK?apiversion=v2&noservercache=1&domshim=1&renderwebcomponents=1&wcseo=1&batchservertelemetry=1&noservertelemetry=1,=== News - 2 new results for [Lofi] ===,Google Alert,lofi,pending,
2025-08-12,Google Alert - Lofi,https://www.ainvest.com/news/ethereum-news-today-moonbull-mobu-gains-momentum-meme-coin-market-surges-2508/,=== News - 2 new results for [Lofi] ===,Google Alert,lofi,pending,
2025-08-12,Google Alert - Lo-Fi,http://www.msn.com/en-us/tv/news/disney-and-iam8bit-team-up-for-a-lo-fi-gravity-falls-vinyl/ar-AA1HM6vK?apiversion=v2&noservercache=1&domshim=1&renderwebcomponents=1&wcseo=1&batchservertelemetry=1&noservertelemetry=1,=== News - 10 new results for [Lo-Fi] ===,Google Alert,lofi,pending,
2025-08-12,Google Alert - Lo-Fi,https://www.musicradar.com/music-tech/eventide-is-giving-away-a-killer-usd99-distortion-plugin-for-free,=== News - 10 new results for [Lo-Fi] ===,Google Alert,lofi,pending,
2025-08-12,Google Alert - Lo-Fi,https://www.theguardian.com/film/2025/aug/11/that-alien-sound-review-super-kooky-indie-comedy-puts-sound-wave-et-in-womans-body,=== News - 10 new results for [Lo-Fi] ===,Google Alert,lofi,pending,
2025-08-12,Google Alert - Lo-Fi,https://1428elm.com/going-viral-5-horror-movies-from-directors-who-got-their-start-on-youtube,=== News - 10 new results for [Lo-Fi] ===,Google Alert,lofi,pending,
2025-08-12,Google Alert - Lo-Fi,https://www.merca20.com/what-are-walmarts-new-mobile-stores-like-well-tell-you/,=== News - 10 new results for [Lo-Fi] ===,Google Alert,lofi,pending,
2025-08-12,Google Alert - Lo-Fi,https://nationaltechnology.co.uk/Walmart_launches_immersive_online_storefronts_to_capture_attention.php,=== News - 10 new results for [Lo-Fi] ===,Google Alert,lofi,pending,
2025-08-12,Google Alert - Lo-Fi,https://retailtechinnovationhub.com/home/2025/8/10/walmart-sets-sights-on-gen-z-and-gen-alpha-as-retailer-introduces-new-immersive-online-storefronts,=== News - 10 new results for [Lo-Fi] ===,Google Alert,lofi,pending,
2025-08-12,Google Alert - Lo-Fi,https://list.co.uk/event/jack-cheshire-404752?venue=The Sebright Arms,=== News - 10 new results for [Lo-Fi] ===,Google Alert,lofi,pending,
2025-08-12,Google Alert - Lo-Fi,https://geargods.net/news/buster-odeholm-bottles-his-vildhjarta-brutality-in-the-all-new-thall-amp-plugin/,=== News - 10 new results for [Lo-Fi] ===,Google Alert,lofi,pending,
2025-08-12,Google Alert - Lo-Fi,https://www.thepitchkc.com/fantasia-fest-buffet-infinity-cobbles-together-found-footage-horror-from-retro-tv-ads/,=== News - 10 new results for [Lo-Fi] ===,Google Alert,lofi,pending,
2025-10-01,Google Alert - Lo-Fi,https://www.yardbarker.com/video_games/articles/surreal_lo_fi_horror_experience_eclipsium_out_now_on_steam/s1_17458_42773395,"=== News - 10 new results for [Lo-Fi] ===",Google Alert,lofi,pending,
2025-10-01,Google Alert - Lo-Fi,https://www.gamegrin.com/news/spirit-city-lofi-sessions-revealed-2025-roadmap-and-beyond/,"=== News - 10 new results for [Lo-Fi] ===",Google Alert,lofi,pending,
2025-10-01,Google Alert - Lo-Fi,https://guitar.com/features/the-cover/flawed-mangoes/,"=== News - 10 new results for [Lo-Fi] ===",Google Alert,lofi,pending,
2025-10-01,Google Alert - Lo-Fi,https://bloody-disgusting.com/video-games/3902207/silent-hill-f-breathes-new-life-and-scares-into-the-series-review/,"=== News - 10 new results for [Lo-Fi] ===",Google Alert,lofi,pending,
2025-10-01,Google Alert - Lo-Fi,https://newsroom.notified.com/news/377976/kodak-charmera-brings-big-nostalgia-in-a-pock,"=== News - 10 new results for [Lo-Fi] ===",Google Alert,lofi,pending,
2025-10-01,Google Alert - Lo-Fi,https://riffmagazine.com/festivals/portola-festival-lcd-soundsystem-20250920/,"=== News - 10 new results for [Lo-Fi] ===",Google Alert,lofi,pending,
2025-10-01,Google Alert - Lo-Fi,https://www.cleveland.com/news/2025/09/singer-d4vd-cancels-multiple-tour-dates-amid-investigation-tied-to-tesla-case.html,"=== News - 10 new results for [Lo-Fi] ===",Google Alert,lofi,pending,
2025-10-01,Google Alert - Lo-Fi,https://weallwantsomeone.org/2025/09/21/pynch-how-you-love-someone/,"=== News - 10 new results for [Lo-Fi] ===",Google Alert,lofi,pending,
2025-10-01,Google Alert - Lo-Fi,https://www.thexboxhub.com/why-tokyo-is-the-best-setting-for-the-new-coffee-talk-game/,"=== News - 10 new results for [Lo-Fi] ===",Google Alert,lofi,pending,
2025-10-01,Google Alert - Lo-Fi,https://www.thewildcity.com/news/21329-crowded-but-compelling-mon-s-metamorphosis-combines-broken-beat-with-gritty-ambient-techno,"=== News - 10 new results for [Lo-Fi] ===",Google Alert,lofi,pending,
2025-10-01,Google Alert - Lo-Fi,https://www.capradio.org/articles/2025/09/22/forget-tiktok-these-rocklin-teens-would-rather-shred/,"=== News - 10 new results for [Lo-Fi] ===",Google Alert,lofi,pending,
2025-10-01,Google Alert - Lo-Fi,https://idobi.com/news/artists-covering-i-miss-you-blink-182/,"=== News - 10 new results for [Lo-Fi] ===",Google Alert,lofi,pending,
2025-10-01,Google Alert - Lo-Fi,https://www.kcrw.com/events/mac-demarco,"=== News - 10 new results for [Lo-Fi] ===",Google Alert,lofi,pending,
2025-10-01,Google Alert - Lo-Fi,https://www.campaignlive.com/article/question-week-agency-execs-share-rhymes-advertising-history/1933259,"=== News - 10 new results for [Lo-Fi] ===",Google Alert,lofi,pending,
2025-10-01,Google Alert - Lo-Fi,https://completemusicupdate.com/cmu-selects-week-38-2025/,"=== News - 10 new results for [Lo-Fi] ===",Google Alert,lofi,pending,
2025-10-01,Google Alert - Lo-Fi,https://guitar.com/reviews/effects-pedal/hands-on-walrus-mako-m1-mkii-review/,"=== News - 10 new results for [Lo-Fi] ===",Google Alert,lofi,pending,
2025-10-01,Google Alert - Lo-Fi,https://www.insighttrendsworld.com/post/entertainment-pinkpantheress-live-the-pop-star-gen-z-needs,"=== News - 10 new results for [Lo-Fi] ===",Google Alert,lofi,pending,
2025-10-01,Google Alert - Lo-Fi,https://www.malaymail.com/amp/news/showbiz/2025/09/23/bi-entertains-2000-strong-crowd-in-kl-living-up-to-promise-of-having-them-not-regret-coming/192027,"=== News - 10 new results for [Lo-Fi] ===",Google Alert,lofi,pending,
2025-10-01,Google Alert - Lo-Fi,https://www.nst.com.my/lifestyle/groove/2025/09/1279352/showbiz-charming-jung-yong-hwa-thrills-fans-intimate-kl-concert,"=== News - 10 new results for [Lo-Fi] ===",Google Alert,lofi,pending,
2025-10-01,Google Alert - Lo-Fi,https://www.youtube.com/watch?v=mMCk0YL4rzM,"=== News - 10 new results for [Lo-Fi] ===",Google Alert,lofi,pending,
2025-10-01,"Google Alert - ""self-storage"" + ""New York City Council""",https://www.cityandstateny.com/power-lists/2025/09/2025-top-trade-associations/408223/,"=== News - 1 new result for [""self-storage"" + ""New York City Council""] ===",Google Alert,lofi,pending,
2025-10-01,Google Alert - Lofi,https://www.wordplaymagazine.com/blog-1/2025/9/22/z6b6waukncyhxi9y7615adk3bovo4l,"=== News - 2 new results for [Lofi] ===",Google Alert,lofi,pending,
2025-10-01,Google Alert - Lofi,https://www.kcrw.com/events/mac-demarco,"=== News - 2 new results for [Lofi] ===",Google Alert,lofi,pending,
2025-10-01,Google Alert - Lo-Fi,https://synthanatomy.com/2025/09/osc-audio-nostalgia-fx.html,"=== News - 10 new results for [Lo-Fi] ===",Google Alert,lofi,pending,
2025-10-01,Google Alert - Lo-Fi,https://www.bowenislandundercurrent.com/the-mix/music-review-geeses-getting-killed-is-the-inventive-brooklyn-bands-most-accessible-album-yet-11250164,"=== News - 10 new results for [Lo-Fi] ===",Google Alert,lofi,pending,
2025-10-01,Google Alert - Lo-Fi,https://music.mxdwn.com/2025/09/23/high-fidelity/album-review-bones-shredder-morbid-little-thing/,"=== News - 10 new results for [Lo-Fi] ===",Google Alert,lofi,pending,
2025-10-01,Google Alert - Lo-Fi,https://www.manisteenews.com/entertainment/article/music-review-geese-s-getting-killed-is-the-21062984.php,"=== News - 10 new results for [Lo-Fi] ===",Google Alert,lofi,pending,
2025-10-01,Google Alert - Lo-Fi,https://www.newsday.com/entertainment/geese-cameron-winter-getting-killed-review-m64026,"=== News - 10 new results for [Lo-Fi] ===",Google Alert,lofi,pending,
2025-10-01,Google Alert - Lo-Fi,https://www.grimygoods.com/2025/09/22/new-music-from-independent-artists-deqn-sues-part-time-prince-is-a-twangy-bop/,"=== News - 10 new results for [Lo-Fi] ===",Google Alert,lofi,pending,
2025-10-01,Google Alert - Lo-Fi,https://weallwantsomeone.org/2025/09/23/violet-ultraray-ride/,"=== News - 10 new results for [Lo-Fi] ===",Google Alert,lofi,pending,
2025-10-01,Google Alert - Lo-Fi,https://www.syracuse.com/entertainment/2025/09/plainclothes-how-syracuse-became-the-backdrop-for-an-acclaimed-new-indie-film.html?outputType=amp,"=== News - 10 new results for [Lo-Fi] ===",Google Alert,lofi,pending,
2025-10-01,Google Alert - Lo-Fi,https://talkingbiznews.com/media-news/whats-the-strategy-behind-wireds-subscription-growth/amp/,"=== News - 10 new results for [Lo-Fi] ===",Google Alert,lofi,pending,
2025-10-01,Google Alert - Lo-Fi,https://www.bam.org/film/2025/fluxx,"=== News - 10 new results for [Lo-Fi] ===",Google Alert,lofi,pending,
2025-10-01,Google Alert - Lofi,https://synthanatomy.com/2025/09/osc-audio-nostalgia-fx.html,"=== News - 2 new results for [Lofi] ===",Google Alert,lofi,pending,
2025-10-01,Google Alert - Lofi,https://crypto-economy.com/catch-it-or-miss-out-moonbull-set-to-shine-in-2025-as-the-best-new-upcoming-crypto-presale-while-lofi-and-brett-keep-climbing/,"=== News - 2 new results for [Lofi] ===",Google Alert,lofi,pending,
2025-10-01,"Google Alert - ""self-storage"" + ""New York City Council""",https://commercialobserver.com/2025/09/nyc-charter-revision-ballot-questions-housing-feature/,"=== News - 1 new result for [""self-storage"" + ""New York City Council""] ===",Google Alert,lofi,pending,
2025-10-01,Google Alert - Lofi,https://vocal.media/beat/dre-dupuis-captures-diy-spirit-and-emotional-depth-on-lo-fi-indie-single-drift,"=== News - 3 new results for [Lofi] ===",Google Alert,lofi,pending,
2025-10-01,Google Alert - Lofi,https://geargods.net/news/beetronics-unleashes-the-beebeedee-analog-delay-a-swarm-of-classic-lo-fi-and-pitch-bending-chaos/,"=== News - 3 new results for [Lofi] ===",Google Alert,lofi,pending,
2025-10-01,Google Alert - Lofi,https://themusicuniverse.com/music-study-and-balance-how-students-can-stay-sharp-in-2025/,"=== News - 3 new results for [Lofi] ===",Google Alert,lofi,pending,
2025-10-01,Google Alert - Lo-Fi,https://www.winnipegfreepress.com/arts-and-life/entertainment/movies/2025/09/25/local-filmmakers-lo-fi-feature-packs-a-punch,"=== News - 10 new results for [Lo-Fi] ===",Google Alert,lofi,pending,
2025-10-01,Google Alert - Lo-Fi,https://vocal.media/beat/dre-dupuis-captures-diy-spirit-and-emotional-depth-on-lo-fi-indie-single-drift,"=== News - 10 new results for [Lo-Fi] ===",Google Alert,lofi,pending,
2025-10-01,Google Alert - Lo-Fi,https://pethelpful.com/pet-news/lo-fi-cats-wait-patiently-bird-clock-to-chirp,"=== News - 10 new results for [Lo-Fi] ===",Google Alert,lofi,pending,
2025-10-01,Google Alert - Lo-Fi,https://www.stltoday.com/life-entertainment/local/art-theater/article_2eb951d0-36a0-4aff-bdb4-d12cfdda91da.html,"=== News - 10 new results for [Lo-Fi] ===",Google Alert,lofi,pending,
2025-10-01,Google Alert - Lo-Fi,https://geargods.net/news/beetronics-unleashes-the-beebeedee-analog-delay-a-swarm-of-classic-lo-fi-and-pitch-bending-chaos/,"=== News - 10 new results for [Lo-Fi] ===",Google Alert,lofi,pending,
2025-10-01,Google Alert - Lo-Fi,https://www.exophase.com/game/lofi-chill-sessions-relax-island-psn-2/trophies/,"=== News - 10 new results for [Lo-Fi] ===",Google Alert,lofi,pending,
2025-10-01,Google Alert - Lo-Fi,https://www.vogue.com/article/michelangelo-dying-cate-le-bon-interview,"=== News - 10 new results for [Lo-Fi] ===",Google Alert,lofi,pending,
2025-10-01,Google Alert - Lo-Fi,https://www.campaignlive.com/article/campaign-chemistry-breaking-enterings-geno-schellenberger-jack-westerkamp/1933611,"=== News - 10 new results for [Lo-Fi] ===",Google Alert,lofi,pending,
2025-10-01,Google Alert - Lo-Fi,https://www.metalblade.com/us/news/messa-italian-doom-metallers-unveil-video-for-reveal/,"=== News - 10 new results for [Lo-Fi] ===",Google Alert,lofi,pending,
2025-10-01,Google Alert - Lo-Fi,https://www.thelineofbestfit.com/news/art-school-girlfriend-returns-with-new-single-l-y-a-t-t,"=== News - 10 new results for [Lo-Fi] ===",Google Alert,lofi,pending,
2025-10-01,Google Alert - Lo-Fi,https://daily.bandcamp.com/features/african-lofi-afro-soul-interview,"=== News - 10 new results for [Lo-Fi] ===",Google Alert,lofi,pending,
2025-10-01,Google Alert - Lo-Fi,https://www.kerrang.com/zetra-the-floor-eternal-dark-ambient-electronic-remix-debut-album-loathe-tour,"=== News - 10 new results for [Lo-Fi] ===",Google Alert,lofi,pending,
2025-10-01,Google Alert - Lo-Fi,https://www.treblezine.com/heartworms-glutton-for-punishment-review/,"=== News - 10 new results for [Lo-Fi] ===",Google Alert,lofi,pending,
2025-10-01,Google Alert - Lo-Fi,https://www.youtube.com/watch?v=gewFPBnNbCk,"=== News - 10 new results for [Lo-Fi] ===",Google Alert,lofi,pending,
2025-10-01,Google Alert - Lo-Fi,https://thebluegrasssituation.com/read/fruit-bats-eric-d-johnson-loves-a-left-turn/,"=== News - 10 new results for [Lo-Fi] ===",Google Alert,lofi,pending,
2025-10-01,Google Alert - Lo-Fi,https://www.radiotimes.com/technology/gaming/best-cosy-games/,"=== News - 10 new results for [Lo-Fi] ===",Google Alert,lofi,pending,
2025-10-01,Google Alert - Lo-Fi,https://metalmagazine.eu/en/post/flirting-with-friendship-in-conversation-w-miranda-makaroff-and-pascal-moscheni,"=== News - 10 new results for [Lo-Fi] ===",Google Alert,lofi,pending,
2025-10-01,Google Alert - Lo-Fi,https://www.stereogum.com/2324173/olivia-o-thats-what-did-it-dont-make-me-cry/music/,"=== News - 10 new results for [Lo-Fi] ===",Google Alert,lofi,pending,
2025-10-01,Google Alert - Lo-Fi,https://remezcla.com/lists/music/20-new-songs-to-listen-to-this-week-from-junior-zamora-to-la-cruz/,"=== News - 10 new results for [Lo-Fi] ===",Google Alert,lofi,pending,
2025-10-01,Google Alert - Lo-Fi,https://vlada.mk/adebaayshop/esports/news/young-dirty-bastard-shinobi-interview,"=== News - 10 new results for [Lo-Fi] ===",Google Alert,lofi,pending,
2025-10-01,Google Alert - Lofi,https://daily.bandcamp.com/features/african-lofi-afro-soul-interview,"=== News - 6 new results for [Lofi] ===",Google Alert,lofi,pending,
2025-10-01,Google Alert - Lofi,https://www.winnipegfreepress.com/arts-and-life/entertainment/movies/2025/09/25/local-filmmakers-lo-fi-feature-packs-a-punch,"=== News - 6 new results for [Lofi] ===",Google Alert,lofi,pending,
2025-10-01,Google Alert - Lofi,https://www.yahoo.com/lifestyle/articles/lo-fi-cats-wait-patiently-131200294.html,"=== News - 6 new results for [Lofi] ===",Google Alert,lofi,pending,
2025-10-01,Google Alert - Lofi,https://www.exophase.com/game/lofi-chill-sessions-relax-island-psn-2/trophies/,"=== News - 6 new results for [Lofi] ===",Google Alert,lofi,pending,
2025-10-01,Google Alert - Lofi,https://www.stltoday.com/life-entertainment/local/art-theater/article_2eb951d0-36a0-4aff-bdb4-d12cfdda91da.html,"=== News - 6 new results for [Lofi] ===",Google Alert,lofi,pending,
2025-10-01,Google Alert - Lofi,https://screen-connections.com/2025/09/25/scoobtober-2025-lineup-and-events/,"=== News - 6 new results for [Lofi] ===",Google Alert,lofi,pending,
2025-10-01,Google Alert - Lo-Fi,https://www.digitalcameraworld.com/cameras/compact-cameras/compact-cameras-came-back-with-a-vengeance-but-the-next-trend-could-go-even-tinier-kodaks-keychain-cameras-mix-the-lo-fi-trend-with-even-more-portability,"=== News - 10 new results for [Lo-Fi] ===",Google Alert,lofi,pending,
2025-10-01,Google Alert - Lo-Fi,https://www.gamegrin.com/news/spirit-city-lofi-sessions-teased-one-of-the-upcoming-skins-from-the-incoming-halloween-update/,"=== News - 10 new results for [Lo-Fi] ===",Google Alert,lofi,pending,
2025-10-01,Google Alert - Lo-Fi,https://floodmagazine.com/207711/automatic-is-it-now/,"=== News - 10 new results for [Lo-Fi] ===",Google Alert,lofi,pending,
2025-10-01,Google Alert - Lo-Fi,https://www.youtube.com/watch?v=nyqfLyMqy5E,"=== News - 10 new results for [Lo-Fi] ===",Google Alert,lofi,pending,
2025-10-01,Google Alert - Lo-Fi,https://www.app.com/story/entertainment/music/2025/09/26/bruce-springsteen-movie-nebraska-count-basie-red-bank/86371879007/,"=== News - 10 new results for [Lo-Fi] ===",Google Alert,lofi,pending,
2025-10-01,Google Alert - Lo-Fi,https://floodmagazine.com/207200/sydney-sprague-peak-experience-track-by-track/,"=== News - 10 new results for [Lo-Fi] ===",Google Alert,lofi,pending,
2025-10-01,Google Alert - Lo-Fi,https://www.thenational.scot/local-events/?_evDiscoveryPath=/event/39446967t-imout-events-presents-the-joshua-hotel,"=== News - 10 new results for [Lo-Fi] ===",Google Alert,lofi,pending,
2025-10-01,Google Alert - Lo-Fi,https://www.winnipegfreepress.com/arts-and-life/entertainment/arts/2025/09/26/winnipeg-film-group-programmer-left-no-scrap-behind,"=== News - 10 new results for [Lo-Fi] ===",Google Alert,lofi,pending,
2025-10-01,Google Alert - Lo-Fi,https://music.mxdwn.com/2025/09/26/reviews/album-review-black-lips-season-of-the-peach/,"=== News - 10 new results for [Lo-Fi] ===",Google Alert,lofi,pending,
2025-10-01,Google Alert - Lo-Fi,https://nypost.com/2025/09/26/ticket-sales/ricardo-arjona-lo-que-el-seco-no-dijo-tour-2026-where-to-buy-tickets-best-prices/,"=== News - 10 new results for [Lo-Fi] ===",Google Alert,lofi,pending,
2025-10-01,Google Alert - Lofi,https://www.gamegrin.com/news/spirit-city-lofi-sessions-teased-one-of-the-upcoming-skins-from-the-incoming-halloween-update/,"=== News - 4 new results for [Lofi] ===",Google Alert,lofi,pending,
2025-10-01,Google Alert - Lofi,https://www.animationmagazine.net/2025/09/wbd-kicks-off-scoobtober-2025-with-marathons-music-merch/,"=== News - 4 new results for [Lofi] ===",Google Alert,lofi,pending,
2025-10-01,Google Alert - Lofi,https://www.dbltap.com/features/ghost-of-yotei-watanabe-mode-samurai-champloo,"=== News - 4 new results for [Lofi] ===",Google Alert,lofi,pending,
2025-10-01,Google Alert - Lofi,https://www.coingabbar.com/en/crypto-sponsored/upcoming-crypto-moonbull-presale-meme-coin-to-watch,"=== News - 4 new results for [Lofi] ===",Google Alert,lofi,pending,
2025-10-01,Google Alert - Lo-Fi,https://www.igamingtoday.com/lofi-the-yeti-slot-review/,"=== News - 10 new results for [Lo-Fi] ===",Google Alert,lofi,pending,
2025-10-01,Google Alert - Lo-Fi,https://joyzine.org/2025/09/27/vinyl-ep-release-heather-the-jerk-very-motorcycle/,"=== News - 10 new results for [Lo-Fi] ===",Google Alert,lofi,pending,
2025-10-01,Google Alert - Lo-Fi,https://www.battlecreekenquirer.com/things-to-do/events/?_evDiscoveryPath=/event/107359661n-advance-base,"=== News - 10 new results for [Lo-Fi] ===",Google Alert,lofi,pending,
2025-10-01,Google Alert - Lo-Fi,https://crypto-economy.com/moonbull-dominates-top-meme-coin-buzz-presale-rewards-skyrocket-with-95-apy-staking-while-bonk-and-lofi-hold-steady/,"=== News - 10 new results for [Lo-Fi] ===",Google Alert,lofi,pending,
2025-10-01,Google Alert - Lo-Fi,https://northerntransmissions.com/146488-2/,"=== News - 10 new results for [Lo-Fi] ===",Google Alert,lofi,pending,
2025-10-01,Google Alert - Lo-Fi,https://www.thatericalper.com/2025/09/26/weston-estate-release-new-single-cool-girl-following-summer-of-superbloom-highlights/,"=== News - 10 new results for [Lo-Fi] ===",Google Alert,lofi,pending,
2025-10-01,Google Alert - Lo-Fi,https://www.sanfordherald.com/local-events/?_evDiscoveryPath=/event/107111089n-petite-league,"=== News - 10 new results for [Lo-Fi] ===",Google Alert,lofi,pending,
2025-10-01,Google Alert - Lo-Fi,https://www.chronicle-tribune.com/local-events/?_evDiscoveryPath=/event/1034631507n-the-brian-jonestown-massacre,"=== News - 10 new results for [Lo-Fi] ===",Google Alert,lofi,pending,
2025-10-01,Google Alert - Lo-Fi,https://egw.news/gaming/news/29776/dead-finger-dice-revives-the-witchers-dice-poker-w-im7r6_SSF,"=== News - 10 new results for [Lo-Fi] ===",Google Alert,lofi,pending,
2025-10-01,Google Alert - Lo-Fi,https://faroutmagazine.co.uk/introducing-rhizome-and-the-flavonoids/,"=== News - 10 new results for [Lo-Fi] ===",Google Alert,lofi,pending,
2025-10-01,Google Alert - Lofi,https://www.igamingtoday.com/lofi-the-yeti-slot-review/,"=== News - 2 new results for [Lofi] ===",Google Alert,lofi,pending,
2025-10-01,Google Alert - Lofi,https://crypto-economy.com/moonbull-dominates-top-meme-coin-buzz-presale-rewards-skyrocket-with-95-apy-staking-while-bonk-and-lofi-hold-steady/,"=== News - 2 new results for [Lofi] ===",Google Alert,lofi,pending,
2025-10-01,Google Alert - Lofi,https://vocal.media/beat/scoobtober-2025-gets-spooky-chill-with-lofi-album-featuring-the-hex-girls,"=== News - 5 new results for [Lofi] ===",Google Alert,lofi,pending,
2025-10-01,Google Alert - Lofi,https://www.msn.com/en-ca/entertainment/news/this-is-wild-trump-administration-s-embarrassing-lo-fi-beats-post-slammed/ar-AA1E8vq1?apiversion=v2&noservercache=1&domshim=1&renderwebcomponents=1&wcseo=1&batchservertelemetry=1&noservertelemetry=1,"=== News - 5 new results for [Lofi] ===",Google Alert,lofi,pending,
2025-10-01,Google Alert - Lofi,https://bleedingcool.com/games/little-corners-has-received-a-new-demo-on-steam/,"=== News - 5 new results for [Lofi] ===",Google Alert,lofi,pending,
2025-10-01,Google Alert - Lofi,https://www.igamingtoday.com/h2bet-and-atletico-mineiro-launch-campaign-with-lyanco-to-promote-official-team-jerseys/,"=== News - 5 new results for [Lofi] ===",Google Alert,lofi,pending,
2025-10-01,Google Alert - Lofi,https://www.igamingtoday.com/iec-reports-us36m-loss-in-fy25-despite-gaming-revenue-surge/,"=== News - 5 new results for [Lofi] ===",Google Alert,lofi,pending,
2025-10-01,Google Alert - Lo-Fi,https://www.msn.com/en-ca/entertainment/news/this-is-wild-trump-administration-s-embarrassing-lo-fi-beats-post-slammed/ar-AA1E8vq1?apiversion=v2&noservercache=1&domshim=1&renderwebcomponents=1&wcseo=1&batchservertelemetry=1&noservertelemetry=1,"=== News - 10 new results for [Lo-Fi] ===",Google Alert,lofi,pending,
2025-10-01,Google Alert - Lo-Fi,https://vocal.media/beat/scoobtober-2025-gets-spooky-chill-with-lofi-album-featuring-the-hex-girls,"=== News - 10 new results for [Lo-Fi] ===",Google Alert,lofi,pending,
2025-10-01,Google Alert - Lo-Fi,https://www.theguardian.com/commentisfree/2025/sep/29/kamala-harris-memoir-election-campaign-democrats-deluded,"=== News - 10 new results for [Lo-Fi] ===",Google Alert,lofi,pending,
2025-10-01,Google Alert - Lo-Fi,https://www.kshe95.com/artist/202fd01a-9d28-4421-8631-4c806bbf1c5d,"=== News - 10 new results for [Lo-Fi] ===",Google Alert,lofi,pending,
2025-10-01,Google Alert - Lo-Fi,https://www.shatterthestandards.com/p/album-review-devotion-and-the-black,"=== News - 10 new results for [Lo-Fi] ===",Google Alert,lofi,pending,
2025-10-01,Google Alert - Lo-Fi,http://theartsdesk.com/new-music/art-loving-olivia-deans-vulnerable-and-intimate-second-album?amp,"=== News - 10 new results for [Lo-Fi] ===",Google Alert,lofi,pending,
2025-10-01,Google Alert - Lo-Fi,https://www.theguardian.com/film/2025/sep/29/power-station-review-solar-power-and-solidarity-on-a-walthamstow-street,"=== News - 10 new results for [Lo-Fi] ===",Google Alert,lofi,pending,
2025-10-01,Google Alert - Lo-Fi,https://edmidentity.com/2025/09/28/edmid-fall-frequencies-2025-raecola/,"=== News - 10 new results for [Lo-Fi] ===",Google Alert,lofi,pending,
2025-10-01,Google Alert - Lo-Fi,https://www.app.com/story/entertainment/movies/2025/09/29/bruce-springsteen-movie-deliver-me-from-nowhere-nyff-nyc-premiere/86414861007/,"=== News - 10 new results for [Lo-Fi] ===",Google Alert,lofi,pending,
2025-10-01,Google Alert - Lo-Fi,https://amateurphotographer.com/latest/photo-news/what-is-the-kodak-charmera-a-camera-with-just-1-6mp-of-resolution-taking-instagram-by-storm/,"=== News - 10 new results for [Lo-Fi] ===",Google Alert,lofi,pending,
2025-10-01,Google Alert - Lo-Fi,https://glidemagazine.com/318041/listen-the-mothers-of-loverss-the-prince-is-pale-brings-lo-fi-warmth-to-soaring-psychedelia/,"=== News - 10 new results for [Lo-Fi] ===",Google Alert,lofi,pending,
2025-10-01,Google Alert - Lo-Fi,https://www.yahoo.com/entertainment/tv/articles/emma-thompson-snarky-lo-fi-103739231.html,"=== News - 10 new results for [Lo-Fi] ===",Google Alert,lofi,pending,
2025-10-01,Google Alert - Lo-Fi,https://www.avclub.com/emma-thompson-down-cemetery-road-trailer,"=== News - 10 new results for [Lo-Fi] ===",Google Alert,lofi,pending,
2025-10-01,Google Alert - Lo-Fi,https://au.rollingstone.com/culture/culture-features/ghost-of-yotei-future-of-music-in-gaming-feature-84383/,"=== News - 10 new results for [Lo-Fi] ===",Google Alert,lofi,pending,
2025-10-01,Google Alert - Lo-Fi,https://baylorlariat.com/2025/09/30/review-doja-cat-takes-on-new-form-in-vie/,"=== News - 10 new results for [Lo-Fi] ===",Google Alert,lofi,pending,
2025-10-01,Google Alert - Lo-Fi,https://www.fox5ny.com/news/d4vd-14-year-old-remains-tesla-celeste-rivas-hernandez,"=== News - 10 new results for [Lo-Fi] ===",Google Alert,lofi,pending,
2025-10-01,Google Alert - Lo-Fi,https://glidemagazine.com/video/40-years-ago-today-tom-waits-releases-rain-dogs-album/,"=== News - 10 new results for [Lo-Fi] ===",Google Alert,lofi,pending,
2025-10-01,Google Alert - Lo-Fi,https://statenews.com/article/2025/09/students-attend-renaissance-fair-on-union-lawn,"=== News - 10 new results for [Lo-Fi] ===",Google Alert,lofi,pending,
2025-10-01,Google Alert - Lo-Fi,http://knac.com/article.asp?ArticleID=55898,"=== News - 10 new results for [Lo-Fi] ===",Google Alert,lofi,pending,
2025-10-01,Google Alert - Lo-Fi,https://www.qobuz.com/us-en/magazine/story/2025/09/30/stereolab-off-the-record/,"=== News - 10 new results for [Lo-Fi] ===",Google Alert,lofi,pending,
2025-10-01,Google Alert - Lo-Fi,https://www.polygon.com/messenger-abeto-free-browser-game/,"=== News - 10 new results for [Lo-Fi] ===",Google Alert,lofi,pending,
2025-10-01,Google Alert - Lo-Fi,https://se7en.ws/messenger-a-chill-lo‑fi-browser-game-you-can-play-for-free-now/?lang=en,"=== News - 10 new results for [Lo-Fi] ===",Google Alert,lofi,pending,
2025-10-01,Google Alert - Lo-Fi,https://www.youtube.com/watch?v=bDhFDTQSOqQ,"=== News - 10 new results for [Lo-Fi] ===",Google Alert,lofi,pending,
2025-10-01,Google Alert - Lo-Fi,https://www.morningbrew.com/stories/spotify-ceo-step-down-2-new-co-ceos,"=== News - 10 new results for [Lo-Fi] ===",Google Alert,lofi,pending,
2025-10-01,Google Alert - Lo-Fi,https://www.famouscampaigns.com/2025/09/chatgpts-first-brand-campaign-skips-the-sci-fi-and-goes-straight-for-the-feels/,"=== News - 10 new results for [Lo-Fi] ===",Google Alert,lofi,pending,
2025-10-01,Google Alert - Lo-Fi,https://floodmagazine.com/208002/the-coathangers-hurry-demo-first-listen/,"=== News - 10 new results for [Lo-Fi] ===",Google Alert,lofi,pending,
2025-10-01,Google Alert - Lo-Fi,https://beebom.com/ghost-of-yotei-release-date-and-countdown/,"=== News - 10 new results for [Lo-Fi] ===",Google Alert,lofi,pending,
2025-10-01,Google Alert - Lo-Fi,https://www.tulsapeople.com/about-town/scenes-from-cuco-at-cains-ballroom/article_2d4c8a49-f04d-4c0a-9147-b7e8bf030f96.html,"=== News - 10 new results for [Lo-Fi] ===",Google Alert,lofi,pending,
2025-10-01,Google Alert - Lo-Fi,https://www.nst.com.my/lifestyle/groove/2025/10/1284791/showbiz-bis-last-parade-takes-winning-final-bow-kl,"=== News - 10 new results for [Lo-Fi] ===",Google Alert,lofi,pending,
2025-10-01,Google Alert - Lo-Fi,https://www.ibc.org/production/features/behind-the-scenes-bulk/22670,"=== News - 10 new results for [Lo-Fi] ===",Google Alert,lofi,pending,
2025-10-01,Google Alert - Lofi,https://www.polygon.com/messenger-abeto-free-browser-game/,"=== News - 2 new results for [Lofi] ===",Google Alert,lofi,pending,
2025-10-01,Google Alert - Lofi,https://patch.com/ohio/stow/patch-am-lofi-hangout-11-more-events-nodx-20251001,"=== News - 2 new results for [Lofi] ===",Google Alert,lofi,pending,
