id,index,name,variant,filename,audio_path,duration_sec,bpm,key,energy,loudness,duration,family,tags
001_Blissful_A,1,Blissful,A,001_Blissful.m4a,/assets/media/audio/001_Blissful.m4a,124.2,86.1,F,0.1671,-310.84,,,
002_Blissful_B,2,Blissful,B,002_Blissful.m4a,/assets/media/audio/002_Blissful.m4a,140.88,89.1,F,0.1179,-371.43,,,
003_Liberated_A,3,Liberated,A,003_Liberated.m4a,/assets/media/audio/003_Liberated.m4a,133.88,103.4,C#,0.1285,-356.47,,,
004_Liberated_B,4,Liberated,B,004_Liberated.m4a,/assets/media/audio/004_Liberated.m4a,140.8,89.1,C#,0.1523,-326.91,,,
005_Ecstatic_A,5,Ecstatic,A,005_Ecstatic.m4a,/assets/media/audio/005_Ecstatic.m4a,129.68,161.5,F#,0.1338,-349.35,,,
006_Ecstatic_B,6,Ecstatic,B,006_Ecstatic.m4a,/assets/media/audio/006_Ecstatic.m4a,84.0,161.5,G,0.1437,-337.02,,,
007_Triumphant_A,7,Triumphant,A,007_Triumphant.m4a,/assets/media/audio/007_Triumphant.m4a,120.0,89.1,F,0.1415,-339.73,,,
008_Triumphant_B,8,Triumphant,B,008_Triumphant.m4a,/assets/media/audio/008_Triumphant.m4a,179.68,86.1,Eb,0.1468,-333.28,,,
009_Jubilant_A,9,Jubilant,A,009_Jubilant.m4a,/assets/media/audio/009_Jubilant.m4a,94.92,99.4,Eb,0.1266,-358.97,,,
010_Jubilant_B,10,Jubilant,B,010_Jubilant.m4a,/assets/media/audio/010_Jubilant.m4a,119.88,99.4,F,0.1509,-328.5,,,
011_Effervescent_A,11,Effervescent,A,011_Effervescent.m4a,/assets/media/audio/011_Effervescent.m4a,56.04,89.1,A,0.1197,-368.82,,,
012_Effervescent_B,12,Effervescent,B,012_Effervescent.m4a,/assets/media/audio/012_Effervescent.m4a,105.32,89.1,D,0.1329,-350.62,,,
013_Radiant_A,13,Radiant,A,013_Radiant.m4a,/assets/media/audio/013_Radiant.m4a,122.08,80.7,Bb,0.1266,-359.02,,,
014_Radiant_B,14,Radiant,B,014_Radiant.m4a,/assets/media/audio/014_Radiant.m4a,182.04,86.1,A,0.1632,-314.86,,,
015_Exuberant_A,15,Exuberant,A,015_Exuberant.m4a,/assets/media/audio/015_Exuberant.m4a,104.92,99.4,B,0.1346,-348.44,,,
016_Exuberant_B,16,Exuberant,B,016_Exuberant.m4a,/assets/media/audio/016_Exuberant.m4a,104.96,99.4,E,0.1329,-350.64,,,
017_Joyful_A,17,Joyful,A,017_Joyful.m4a,/assets/media/audio/017_Joyful.m4a,120.84,89.1,A,0.1437,-336.97,,,
018_Joyful_B,18,Joyful,B,018_Joyful.m4a,/assets/media/audio/018_Joyful.m4a,128.8,161.5,F#,0.1276,-357.7,,,
019_Heartfelt_A,19,Heartfelt,A,019_Heartfelt.m4a,/assets/media/audio/019_Heartfelt.m4a,152.76,172.3,D,0.1226,-364.61,,,
020_Heartfelt_B,20,Heartfelt,B,020_Heartfelt.m4a,/assets/media/audio/020_Heartfelt.m4a,152.16,161.5,G,0.1143,-376.81,,,
021_Uplifting_A,21,Uplifting,A,021_Uplifting.m4a,/assets/media/audio/021_Uplifting.m4a,177.24,123.0,C,0.1261,-359.74,,,
022_Uplifting_B,22,Uplifting,B,022_Uplifting.m4a,/assets/media/audio/022_Uplifting.m4a,163.32,80.7,Bb,0.1233,-363.58,,,
023_Buoyant_A,23,Buoyant,A,023_Buoyant.m4a,/assets/media/audio/023_Buoyant.m4a,119.36,184.6,C,0.131,-353.07,,,
024_Buoyant_B,24,Buoyant,B,024_Buoyant.m4a,/assets/media/audio/024_Buoyant.m4a,155.96,92.3,G,0.1512,-328.13,,,
025_Affectionate_A,25,Affectionate,A,025_Affectionate.m4a,/assets/media/audio/025_Affectionate.m4a,130.84,161.5,Bb,0.155,-323.84,,,
026_Affectionate_B,26,Affectionate,B,026_Affectionate.m4a,/assets/media/audio/026_Affectionate.m4a,135.32,86.1,Ab,0.1188,-370.04,,,
027_Intimate_A,27,Intimate,A,027_Intimate.m4a,/assets/media/audio/027_Intimate.m4a,134.96,76.0,G,0.1634,-314.71,,,
028_Intimate_B,28,Intimate,B,028_Intimate.m4a,/assets/media/audio/028_Intimate.m4a,127.96,71.8,A,0.1285,-356.48,,,
029_Warm_A,29,Warm,A,029_Warm.m4a,/assets/media/audio/029_Warm.m4a,122.44,172.3,Eb,0.1393,-342.4,,,
030_Warm_B,30,Warm,B,030_Warm.m4a,/assets/media/audio/030_Warm.m4a,112.24,86.1,Bb,0.1368,-345.63,,,
031_Cheerful_A,31,Cheerful,A,031_Cheerful.m4a,/assets/media/audio/031_Cheerful.m4a,89.84,95.7,G,0.1449,-335.62,,,
032_Cheerful_B,32,Cheerful,B,032_Cheerful.m4a,/assets/media/audio/032_Cheerful.m4a,98.88,92.3,G,0.1183,-370.82,,,
033_Sincere_A,33,Sincere,A,033_Sincere.m4a,/assets/media/audio/033_Sincere.m4a,133.72,80.7,E,0.1496,-330.04,,,
034_Sincere_B,34,Sincere,B,034_Sincere.m4a,/assets/media/audio/034_Sincere.m4a,80.16,86.1,Ab,0.1062,-389.47,,,
035_Grateful_A,35,Grateful,A,035_Grateful.m4a,/assets/media/audio/035_Grateful.m4a,99.56,172.3,C,0.1383,-343.65,,,
036_Grateful_B,36,Grateful,B,036_Grateful.m4a,/assets/media/audio/036_Grateful.m4a,122.52,92.3,C,0.1224,-364.87,,,
037_Playful_A,37,Playful,A,037_Playful.m4a,/assets/media/audio/037_Playful.m4a,86.08,184.6,G,0.1161,-374.01,,,
038_Playful_B,38,Playful,B,038_Playful.m4a,/assets/media/audio/038_Playful.m4a,72.64,89.1,G,0.133,-350.43,,,
039_Gracious_A,39,Gracious,A,039_Gracious.m4a,/assets/media/audio/039_Gracious.m4a,153.64,89.1,A,0.1418,-339.35,,,
040_Gracious_B,40,Gracious,B,040_Gracious.m4a,/assets/media/audio/040_Gracious.m4a,151.6,89.1,D,0.1452,-335.22,,,
041_Comforting_A,41,Comforting,A,041_Comforting.m4a,/assets/media/audio/041_Comforting.m4a,114.0,117.5,Eb,0.1271,-358.36,,,
042_Comforting_B,42,Comforting,B,042_Comforting.m4a,/assets/media/audio/042_Comforting.m4a,121.88,129.2,Eb,0.1506,-328.92,,,
043_Hopeful_A,43,Hopeful,A,043_Hopeful.m4a,/assets/media/audio/043_Hopeful.m4a,101.16,89.1,C#,0.1058,-390.22,,,
044_Hopeful_B,44,Hopeful,B,044_Hopeful.m4a,/assets/media/audio/044_Hopeful.m4a,108.2,89.1,Bb,0.1086,-385.68,,,
045_Complacent_A,45,Complacent,A,045_Complacent.m4a,/assets/media/audio/045_Complacent.m4a,112.0,103.4,G,0.1244,-362.11,,,
046_Complacent_B,46,Complacent,B,046_Complacent.m4a,/assets/media/audio/046_Complacent.m4a,69.92,161.5,D,0.1173,-372.28,,,
047_Mellow_A,47,Mellow,A,047_Mellow.m4a,/assets/media/audio/047_Mellow.m4a,152.8,161.5,A,0.1357,-346.91,,,
048_Mellow_B,48,Mellow,B,048_Mellow.m4a,/assets/media/audio/048_Mellow.m4a,153.88,161.5,F,0.1606,-317.67,,,
049_At Ease_A,49,At Ease,A,049_At Ease.m4a,/assets/media/audio/049_At Ease.m4a,101.84,161.5,Bb,0.1311,-352.95,,,
050_At Ease_B,50,At Ease,B,050_At Ease.m4a,/assets/media/audio/050_At Ease.m4a,127.32,172.3,Bb,0.1825,-295.54,,,
051_Serene_A,51,Serene,A,051_Serene.m4a,/assets/media/audio/051_Serene.m4a,128.92,99.4,Bb,0.1659,-312.06,,,
052_Serene_B,52,Serene,B,052_Serene.m4a,/assets/media/audio/052_Serene.m4a,130.0,89.1,Bb,0.1621,-316.06,,,
053_Centered_A,53,Centered,A,053_Centered.m4a,/assets/media/audio/053_Centered.m4a,131.96,80.7,Ab,0.121,-366.92,,,
054_Centered_B,54,Centered,B,054_Centered.m4a,/assets/media/audio/054_Centered.m4a,127.72,152.0,C,0.1467,-333.38,,,
055_Anchored_A,55,Anchored,A,055_Anchored.m4a,/assets/media/audio/055_Anchored.m4a,164.88,152.0,F#,0.1198,-368.68,,,
056_Anchored_B,56,Anchored,B,056_Anchored.m4a,/assets/media/audio/056_Anchored.m4a,123.0,80.7,D,0.1194,-369.21,,,
057_Unflappable_A,57,Unflappable,A,057_Unflappable.m4a,/assets/media/audio/057_Unflappable.m4a,149.76,172.3,G,0.1329,-350.63,,,
058_Unflappable_B,58,Unflappable,B,058_Unflappable.m4a,/assets/media/audio/058_Unflappable.m4a,135.72,78.3,C,0.1382,-343.76,,,
059_Precise_A,59,Precise,A,059_Precise.m4a,/assets/media/audio/059_Precise.m4a,96.68,89.1,Bb,0.1397,-341.89,,,
060_Precise_B,60,Precise,B,060_Precise.m4a,/assets/media/audio/060_Precise.m4a,96.76,89.1,Bb,0.1196,-368.92,,,
061_Assured_A,61,Assured,A,061_Assured.m4a,/assets/media/audio/061_Assured.m4a,87.28,152.0,D,0.1274,-357.87,,,
062_Assured_B,62,Assured,B,062_Assured.m4a,/assets/media/audio/062_Assured.m4a,120.72,161.5,Ab,0.1545,-324.47,,,
063_Harmonious_A,63,Harmonious,A,063_Harmonious.m4a,/assets/media/audio/063_Harmonious.m4a,121.4,86.1,Ab,0.1222,-365.12,,,
064_Harmonious_B,64,Harmonious,B,064_Harmonious.m4a,/assets/media/audio/064_Harmonious.m4a,112.0,86.1,B,0.1428,-338.15,,,
065_Sheltered_A,65,Sheltered,A,065_Sheltered.m4a,/assets/media/audio/065_Sheltered.m4a,130.88,89.1,F,0.1073,-387.81,,,
066_Sheltered_B,66,Sheltered,B,066_Sheltered.m4a,/assets/media/audio/066_Sheltered.m4a,149.96,117.5,F#,0.1283,-356.77,,,
067_Trusting_A,67,Trusting,A,067_Trusting.m4a,/assets/media/audio/067_Trusting.m4a,104.32,86.1,Ab,0.1201,-368.14,,,
068_Trusting_B,68,Trusting,B,068_Trusting.m4a,/assets/media/audio/068_Trusting.m4a,116.12,86.1,G,0.1279,-357.28,,,
069_Connected_A,69,Connected,A,069_Connected.m4a,/assets/media/audio/069_Connected.m4a,120.0,161.5,G,0.17,-307.86,,,
070_Connected_B,70,Connected,B,070_Connected.m4a,/assets/media/audio/070_Connected.m4a,140.84,83.4,Bb,0.1403,-341.12,,,
071_Balanced_A,71,Balanced,A,071_Balanced.m4a,/assets/media/audio/071_Balanced.m4a,120.04,80.7,Bb,0.1244,-362.14,,,
072_Balanced_B,72,Balanced,B,072_Balanced.m4a,/assets/media/audio/072_Balanced.m4a,98.8,161.5,Ab,0.1036,-393.84,,,
073_Serene_A,73,Serene,A,073_Serene.m4a,/assets/media/audio/073_Serene.m4a,150.84,78.3,Ab,0.1632,-314.96,,,
074_Serene_B,74,Serene,B,074_Serene.m4a,/assets/media/audio/074_Serene.m4a,158.68,161.5,C,0.1498,-329.82,,,
075_Soothing_A,75,Soothing,A,075_Soothing.m4a,/assets/media/audio/075_Soothing.m4a,122.36,76.0,G,0.1452,-335.17,,,
076_Soothing_B,76,Soothing,B,076_Soothing.m4a,/assets/media/audio/076_Soothing.m4a,140.76,76.0,Ab,0.1791,-298.8,,,
077_Peaceful_A,77,Peaceful,A,077_Peaceful.m4a,/assets/media/audio/077_Peaceful.m4a,111.04,107.7,Bb,0.1351,-347.79,,,
078_Peaceful_B,78,Peaceful,B,078_Peaceful.m4a,/assets/media/audio/078_Peaceful.m4a,133.96,117.5,F#,0.1895,-288.92,,,
079_Reassured_A,79,Reassured,A,079_Reassured.m4a,/assets/media/audio/079_Reassured.m4a,132.28,172.3,Ab,0.1542,-324.79,,,
080_Reassured_B,80,Reassured,B,080_Reassured.m4a,/assets/media/audio/080_Reassured.m4a,128.28,161.5,Bb,0.1335,-349.84,,,
081_Cozy_A,81,Cozy,A,081_Cozy.m4a,/assets/media/audio/081_Cozy.m4a,69.04,161.5,Bb,0.1431,-337.8,,,
082_Cozy_B,82,Cozy,B,082_Cozy.m4a,/assets/media/audio/082_Cozy.m4a,92.84,86.1,C,0.1514,-327.91,,,
083_Nurturing_A,83,Nurturing,A,083_Nurturing.m4a,/assets/media/audio/083_Nurturing.m4a,153.08,152.0,D,0.116,-374.19,,,
084_Nurturing_B,84,Nurturing,B,084_Nurturing.m4a,/assets/media/audio/084_Nurturing.m4a,134.4,161.5,F#,0.152,-327.31,,,
085_Calm_A,85,Calm,A,085_Calm.m4a,/assets/media/audio/085_Calm.m4a,126.96,99.4,Eb,0.144,-336.63,,,
086_Calm_B,86,Calm,B,086_Calm.m4a,/assets/media/audio/086_Calm.m4a,127.72,117.5,F,0.1456,-334.76,,,
087_Satiated_A,87,Satiated,A,087_Satiated.m4a,/assets/media/audio/087_Satiated.m4a,89.88,80.7,F#,0.1383,-343.65,,,
088_Satiated_B,88,Satiated,B,088_Satiated.m4a,/assets/media/audio/088_Satiated.m4a,111.4,129.2,Eb,0.1472,-332.84,,,
089_Gentle_A,89,Gentle,A,089_Gentle.m4a,/assets/media/audio/089_Gentle.m4a,127.48,89.1,C#,0.1269,-358.58,,,
090_Gentle_B,90,Gentle,B,090_Gentle.m4a,/assets/media/audio/090_Gentle.m4a,153.32,89.1,E,0.134,-349.12,,,
091_Untroubled_A,91,Untroubled,A,091_Untroubled.m4a,/assets/media/audio/091_Untroubled.m4a,122.28,161.5,Ab,0.1897,-288.75,,,
092_Untroubled_B,92,Untroubled,B,092_Untroubled.m4a,/assets/media/audio/092_Untroubled.m4a,102.32,136.0,Bb,0.1507,-328.76,,,
093_Content_A,93,Content,A,093_Content.m4a,/assets/media/audio/093_Content.m4a,132.96,161.5,A,0.1348,-348.11,,,
094_Content_B,94,Content,B,094_Content.m4a,/assets/media/audio/094_Content.m4a,139.32,152.0,F,0.1425,-338.48,,,
095_Comfortable_A,95,Comfortable,A,095_Comfortable.m4a,/assets/media/audio/095_Comfortable.m4a,134.52,86.1,Eb,0.129,-355.7,,,
096_Comfortable_B,96,Comfortable,B,096_Comfortable.m4a,/assets/media/audio/096_Comfortable.m4a,125.04,83.4,F,0.1274,-357.93,,,
097_Paranoid_A,97,Paranoid,A,097_Paranoid.m4a,/assets/media/audio/097_Paranoid.m4a,91.28,86.1,F#,0.151,-328.43,,,
098_Paranoid_B,98,Paranoid,B,098_Paranoid.m4a,/assets/media/audio/098_Paranoid.m4a,70.24,112.3,G,0.1783,-299.52,,,
099_Alienated_A,99,Alienated,A,099_Alienated.m4a,/assets/media/audio/099_Alienated.m4a,120.72,86.1,C,0.1449,-335.62,,,
100_Alienated_B,100,Alienated,B,100_Alienated.m4a,/assets/media/audio/100_Alienated.m4a,127.96,89.1,Eb,0.1417,-339.4,,,
101_Disoriented_A,101,Disoriented,A,101_Disoriented.m4a,/assets/media/audio/101_Disoriented.m4a,120.08,161.5,A,0.1092,-384.78,,,
102_Disoriented_B,102,Disoriented,B,102_Disoriented.m4a,/assets/media/audio/102_Disoriented.m4a,117.32,172.3,G,0.1055,-390.72,,,
103_Fearful_A,103,Fearful,A,103_Fearful.m4a,/assets/media/audio/103_Fearful.m4a,138.08,172.3,Bb,0.1356,-347.14,,,
104_Fearful_B,104,Fearful,B,104_Fearful.m4a,/assets/media/audio/104_Fearful.m4a,129.96,92.3,Bb,0.1782,-299.67,,,
105_Hypnotic_A,105,Hypnotic,A,105_Hypnotic.m4a,/assets/media/audio/105_Hypnotic.m4a,114.76,99.4,Bb,0.1615,-316.76,,,
106_Hypnotic_B,106,Hypnotic,B,106_Hypnotic.m4a,/assets/media/audio/106_Hypnotic.m4a,194.96,95.7,G,0.1561,-322.65,,,
107_Haunting_A,107,Haunting,A,107_Haunting.m4a,/assets/media/audio/107_Haunting.m4a,103.0,129.2,Bb,0.1477,-332.23,,,
108_Haunting_B,108,Haunting,B,108_Haunting.m4a,/assets/media/audio/108_Haunting.m4a,122.96,80.7,F#,0.0977,-404.01,,,
109_Uncanny_A,109,Uncanny,A,109_Uncanny.m4a,/assets/media/audio/109_Uncanny.m4a,90.16,86.1,F,0.1735,-304.29,,,
110_Uncanny_B,110,Uncanny,B,110_Uncanny.m4a,/assets/media/audio/110_Uncanny.m4a,87.96,86.1,E,0.119,-369.84,,,
111_Eerie_A,111,Eerie,A,111_Eerie.m4a,/assets/media/audio/111_Eerie.m4a,132.84,95.7,F#,0.174,-303.81,,,
112_Eerie_B,112,Eerie,B,112_Eerie.m4a,/assets/media/audio/112_Eerie.m4a,128.12,89.1,F,0.1546,-324.31,,,
113_Shadowed_A,113,Shadowed,A,113_Shadowed.m4a,/assets/media/audio/113_Shadowed.m4a,126.84,89.1,C,0.1343,-348.72,,,
114_Shadowed_B,114,Shadowed,B,114_Shadowed.m4a,/assets/media/audio/114_Shadowed.m4a,106.68,117.5,Bb,0.1444,-336.18,,,
115_Dark_A,115,Dark,A,115_Dark.m4a,/assets/media/audio/115_Dark.m4a,137.0,129.2,Bb,0.1356,-347.04,,,
116_Dark_B,116,Dark,B,116_Dark.m4a,/assets/media/audio/116_Dark.m4a,119.88,117.5,C,0.1414,-339.85,,,
117_Ominous_A,117,Ominous,A,117_Ominous.m4a,/assets/media/audio/117_Ominous.m4a,172.64,112.3,Eb,0.2003,-279.28,,,
118_Ominous_B,118,Ominous,B,118_Ominous.m4a,/assets/media/audio/118_Ominous.m4a,175.4,107.7,F,0.1198,-368.67,,,
119_Foreboding_A,119,Foreboding,A,119_Foreboding.m4a,/assets/media/audio/119_Foreboding.m4a,160.12,86.1,F,0.1403,-341.12,,,
120_Foreboding_B,120,Foreboding,B,120_Foreboding.m4a,/assets/media/audio/120_Foreboding.m4a,138.08,89.1,E,0.1138,-377.5,,,
121_Suspenseful_A,121,Suspenseful,A,121_Suspenseful.m4a,/assets/media/audio/121_Suspenseful.m4a,118.96,89.1,F#,0.1436,-337.12,,,
122_Suspenseful_B,122,Suspenseful,B,122_Suspenseful.m4a,/assets/media/audio/122_Suspenseful.m4a,114.56,89.1,F#,0.1229,-364.17,,,
123_Creeping_A,123,Creeping,A,123_Creeping.m4a,/assets/media/audio/123_Creeping.m4a,143.48,136.0,Bb,0.1553,-323.54,,,
124_Creeping_B,124,Creeping,B,124_Creeping.m4a,/assets/media/audio/124_Creeping.m4a,113.0,117.5,F#,0.1375,-344.7,,,
125_Anxious_A,125,Anxious,A,125_Anxious.m4a,/assets/media/audio/125_Anxious.m4a,109.2,89.1,F,0.1471,-332.93,,,
126_Anxious_B,126,Anxious,B,126_Anxious.m4a,/assets/media/audio/126_Anxious.m4a,120.04,80.7,C#,0.12,-368.33,,,
127_Apprehensive_A,127,Apprehensive,A,127_Apprehensive.m4a,/assets/media/audio/127_Apprehensive.m4a,118.08,117.5,F,0.13,-354.42,,,
128_Apprehensive_B,128,Apprehensive,B,128_Apprehensive.m4a,/assets/media/audio/128_Apprehensive.m4a,124.04,123.0,F,0.131,-353.06,,,
129_Elusive_A,129,Elusive,A,129_Elusive.m4a,/assets/media/audio/129_Elusive.m4a,102.04,172.3,C,0.1234,-363.41,,,
130_Elusive_B,130,Elusive,B,130_Elusive.m4a,/assets/media/audio/130_Elusive.m4a,95.24,172.3,C,0.0998,-400.39,,,
131_Nervous_A,131,Nervous,A,131_Nervous.m4a,/assets/media/audio/131_Nervous.m4a,112.64,89.1,Bb,0.1314,-352.52,,,
132_Nervous_B,132,Nervous,B,132_Nervous.m4a,/assets/media/audio/132_Nervous.m4a,102.4,86.1,Bb,0.1203,-367.83,,,
133_Ephemeral_A,133,Ephemeral,A,133_Ephemeral.m4a,/assets/media/audio/133_Ephemeral.m4a,82.56,117.5,Ab,0.1417,-339.41,,,
134_Ephemeral_B,134,Ephemeral,B,134_Ephemeral.m4a,/assets/media/audio/134_Ephemeral.m4a,30.48,89.1,C,0.1622,-315.95,,,
135_Uncertain_A,135,Uncertain,A,135_Uncertain.m4a,/assets/media/audio/135_Uncertain.m4a,119.76,172.3,Ab,0.1429,-338.0,,,
136_Uncertain_B,136,Uncertain,B,136_Uncertain.m4a,/assets/media/audio/136_Uncertain.m4a,121.0,89.1,F#,0.1245,-362.0,,,
137_Disquieted_A,137,Disquieted,A,137_Disquieted.m4a,/assets/media/audio/137_Disquieted.m4a,96.04,80.7,Bb,0.1488,-330.95,,,
138_Disquieted_B,138,Disquieted,B,138_Disquieted.m4a,/assets/media/audio/138_Disquieted.m4a,84.96,73.8,Eb,0.1089,-385.11,,,
139_Uneasy_A,139,Uneasy,A,139_Uneasy.m4a,/assets/media/audio/139_Uneasy.m4a,119.8,89.1,F,0.1584,-320.12,,,
140_Uneasy_B,140,Uneasy,B,140_Uneasy.m4a,/assets/media/audio/140_Uneasy.m4a,65.08,117.5,Ab,0.1639,-314.22,,,
141_Unsettled_A,141,Unsettled,A,141_Unsettled.m4a,/assets/media/audio/141_Unsettled.m4a,130.0,107.7,F#,0.1627,-315.47,,,
142_Unsettled_B,142,Unsettled,B,142_Unsettled.m4a,/assets/media/audio/142_Unsettled.m4a,131.76,103.4,Ab,0.1449,-335.61,,,
143_Unfolding_A,143,Unfolding,A,143_Unfolding.m4a,/assets/media/audio/143_Unfolding.m4a,128.88,86.1,C#,0.1371,-345.13,,,
144_Anguish_B,144,Anguish,B,144_Anguish.m4a,/assets/media/audio/144_Anguish.m4a,134.48,86.1,F,0.1365,-345.91,,,
145_Anguish_A,145,Anguish,A,145_Anguish.m4a,/assets/media/audio/145_Anguish.m4a,101.92,86.1,F,0.1108,-382.2,,,
146_Somber_B,146,Somber,B,146_Somber.m4a,/assets/media/audio/146_Somber.m4a,124.52,161.5,Ab,0.1369,-345.38,,,
147_Somber_A,147,Somber,A,147_Somber.m4a,/assets/media/audio/147_Somber.m4a,137.2,143.6,C,0.124,-362.62,,,
148_Brooding_B,148,Brooding,B,148_Brooding.m4a,/assets/media/audio/148_Brooding.m4a,87.96,117.5,C,0.1263,-359.49,,,
149_Brooding_A,149,Brooding,A,149_Brooding.m4a,/assets/media/audio/149_Brooding.m4a,123.28,143.6,F,0.1775,-300.34,,,
150_Despondent_B,150,Despondent,B,150_Despondent.m4a,/assets/media/audio/150_Despondent.m4a,130.8,117.5,Bb,0.1757,-302.13,,,
151_Despondent_A,151,Despondent,A,151_Despondent.m4a,/assets/media/audio/151_Despondent.m4a,139.8,69.8,Bb,0.1556,-323.18,,,
152_Hollow_B,152,Hollow,B,152_Hollow.m4a,/assets/media/audio/152_Hollow.m4a,146.0,89.1,E,0.1472,-332.8,,,
153_Hollow_A,153,Hollow,A,153_Hollow.m4a,/assets/media/audio/153_Hollow.m4a,136.0,117.5,G,0.1628,-315.36,,,
154_Serein_B,154,Serein,B,154_Serein.m4a,/assets/media/audio/154_Serein.m4a,112.0,117.5,G,0.1319,-351.93,,,
155_Serein_A,155,Serein,A,155_Serein.m4a,/assets/media/audio/155_Serein.m4a,121.32,89.1,C#,0.1105,-382.67,,,
156_Vulnerable_B,156,Vulnerable,B,156_Vulnerable.m4a,/assets/media/audio/156_Vulnerable.m4a,121.4,86.1,G,0.096,-407.14,,,
157_Vulnerable_A,157,Vulnerable,A,157_Vulnerable.m4a,/assets/media/audio/157_Vulnerable.m4a,114.36,89.1,D,0.1152,-375.46,,,
158_Resigned_B,158,Resigned,B,158_Resigned.m4a,/assets/media/audio/158_Resigned.m4a,83.12,123.0,E,0.1388,-343.08,,,
159_Resigned_A,159,Resigned,A,159_Resigned.m4a,/assets/media/audio/159_Resigned.m4a,106.64,89.1,C,0.1361,-346.48,,,
160_Poignant_B,160,Poignant,B,160_Poignant.m4a,/assets/media/audio/160_Poignant.m4a,132.48,89.1,C#,0.148,-331.91,,,
161_Poignant_A,161,Poignant,A,161_Poignant.m4a,/assets/media/audio/161_Poignant.m4a,134.96,86.1,Bb,0.1308,-353.41,,,
162_Remorseful_B,162,Remorseful,B,162_Remorseful.m4a,/assets/media/audio/162_Remorseful.m4a,113.6,71.8,Ab,0.1191,-369.68,,,
163_Remorseful_A,163,Remorseful,A,163_Remorseful.m4a,/assets/media/audio/163_Remorseful.m4a,122.0,129.2,C#,0.1019,-396.77,,,
164_Yearning_B,164,Yearning,B,164_Yearning.m4a,/assets/media/audio/164_Yearning.m4a,142.4,172.3,Bb,0.1108,-382.18,,,
165_Yearning_A,165,Yearning,A,165_Yearning.m4a,/assets/media/audio/165_Yearning.m4a,85.76,80.7,G,0.1497,-329.94,,,
166_Submerged_B,166,Submerged,B,166_Submerged.m4a,/assets/media/audio/166_Submerged.m4a,135.8,117.5,F#,0.1586,-319.85,,,
167_Submerged_A,167,Submerged,A,167_Submerged.m4a,/assets/media/audio/167_Submerged.m4a,127.96,89.1,Bb,0.1506,-328.93,,,
168_Wistful_B,168,Wistful,B,168_Wistful.m4a,/assets/media/audio/168_Wistful.m4a,129.96,161.5,F,0.1306,-353.63,,,
169_Wistful_A,169,Wistful,A,169_Wistful.m4a,/assets/media/audio/169_Wistful.m4a,126.64,89.1,Eb,0.1366,-345.85,,,
170_Bittersweet_B,170,Bittersweet,B,170_Bittersweet.m4a,/assets/media/audio/170_Bittersweet.m4a,219.72,80.7,Ab,0.155,-323.83,,,
171_Bittersweet_A,171,Bittersweet,A,171_Bittersweet.m4a,/assets/media/audio/171_Bittersweet.m4a,112.72,129.2,F#,0.1319,-351.85,,,
172_Introspective_B,172,Introspective,B,172_Introspective.m4a,/assets/media/audio/172_Introspective.m4a,99.96,123.0,Bb,0.1276,-357.65,,,
173_Introspective_A,173,Introspective,A,173_Introspective.m4a,/assets/media/audio/173_Introspective.m4a,126.0,136.0,F,0.1242,-362.42,,,
174_Languid_B,174,Languid,B,174_Languid.m4a,/assets/media/audio/174_Languid.m4a,97.52,161.5,F#,0.1446,-335.94,,,
175_Languid_A,175,Languid,A,175_Languid.m4a,/assets/media/audio/175_Languid.m4a,112.88,152.0,Bb,0.1123,-379.86,,,
176_Subdued_B,176,Subdued,B,176_Subdued.m4a,/assets/media/audio/176_Subdued.m4a,97.28,172.3,B,0.1237,-363.12,,,
177_Subdued_A,177,Subdued,A,177_Subdued.m4a,/assets/media/audio/177_Subdued.m4a,60.8,161.5,C,0.1041,-392.95,,,
178_Hazy_B,178,Hazy,B,178_Hazy.m4a,/assets/media/audio/178_Hazy.m4a,134.0,172.3,Eb,0.16,-318.3,,,
179_Hazy_A,179,Hazy,A,179_Hazy.m4a,/assets/media/audio/179_Hazy.m4a,143.6,161.5,F,0.1307,-353.46,,,
180_Reflective_B,180,Reflective,B,180_Reflective.m4a,/assets/media/audio/180_Reflective.m4a,129.88,78.3,F,0.1328,-350.74,,,
181_Reflective_A,181,Reflective,A,181_Reflective.m4a,/assets/media/audio/181_Reflective.m4a,144.12,152.0,G,0.1476,-332.38,,,
182_Melancholy_B,182,Melancholy,B,182_Melancholy.m4a,/assets/media/audio/182_Melancholy.m4a,128.96,80.7,F,0.1454,-334.96,,,
183_Melancholy_A,183,Melancholy,A,183_Melancholy.m4a,/assets/media/audio/183_Melancholy.m4a,131.16,92.3,Bb,0.1386,-343.29,,,
184_Lonely_B,184,Lonely,B,184_Lonely.m4a,/assets/media/audio/184_Lonely.m4a,139.8,172.3,G,0.099,-401.8,,,
185_Lonely_A,185,Lonely,A,185_Lonely.m4a,/assets/media/audio/185_Lonely.m4a,138.92,86.1,C,0.1519,-327.4,,,
186_Sad_B,186,Sad,B,186_Sad.m4a,/assets/media/audio/186_Sad.m4a,45.56,71.8,Bb,0.0632,-479.8,,,
187_Sad_A,187,Sad,A,187_Sad.m4a,/assets/media/audio/187_Sad.m4a,34.24,184.6,Bb,0.0586,-492.96,,,
188_Cosmic_B,188,Cosmic,B,188_Cosmic.m4a,/assets/media/audio/188_Cosmic.m4a,110.68,123.0,C,0.1322,-351.45,,,
189_Cosmic_A,189,Cosmic,A,189_Cosmic.m4a,/assets/media/audio/189_Cosmic.m4a,123.0,161.5,F#,0.1607,-317.54,,,
190_Transcendent_B,190,Transcendent,B,190_Transcendent.m4a,/assets/media/audio/190_Transcendent.m4a,138.2,99.4,F,0.112,-380.37,,,
191_Transcendent_A,191,Transcendent,A,191_Transcendent.m4a,/assets/media/audio/191_Transcendent.m4a,137.52,80.7,Eb,0.1867,-291.56,,,
192_Surreal_B,192,Surreal,B,192_Surreal.m4a,/assets/media/audio/192_Surreal.m4a,66.12,89.1,A,0.149,-330.68,,,
193_Surreal_A,193,Surreal,A,193_Surreal.m4a,/assets/media/audio/193_Surreal.m4a,89.32,89.1,Bb,0.1163,-373.72,,,
194_Hallucinatory_B,194,Hallucinatory,B,194_Hallucinatory.m4a,/assets/media/audio/194_Hallucinatory.m4a,122.76,161.5,C#,0.1607,-317.57,,,
195_Hallucinatory_A,195,Hallucinatory,A,195_Hallucinatory.m4a,/assets/media/audio/195_Hallucinatory.m4a,122.28,89.1,Ab,0.1696,-308.21,,,
196_Disorienting_B,196,Disorienting,B,196_Disorienting.m4a,/assets/media/audio/196_Disorienting.m4a,119.92,103.4,F#,0.169,-308.88,,,
197_Disorienting_A,197,Disorienting,A,197_Disorienting.m4a,/assets/media/audio/197_Disorienting.m4a,132.2,95.7,F#,0.1166,-373.25,,,
198_Fantastical_B,198,Fantastical,B,198_Fantastical.m4a,/assets/media/audio/198_Fantastical.m4a,138.04,172.3,C,0.112,-380.32,,,
199_Fantastical_A,199,Fantastical,A,199_Fantastical.m4a,/assets/media/audio/199_Fantastical.m4a,80.04,89.1,B,0.1242,-362.39,,,
200_Wonder_B,200,Wonder,B,200_Wonder.m4a,/assets/media/audio/200_Wonder.m4a,131.16,161.5,Bb,0.1512,-328.13,,,
201_Wonder_A,201,Wonder,A,201_Wonder.m4a,/assets/media/audio/201_Wonder.m4a,147.0,161.5,D,0.1384,-343.61,,,
202_Dreamlike_B,202,Dreamlike,B,202_Dreamlike.m4a,/assets/media/audio/202_Dreamlike.m4a,131.84,161.5,E,0.1426,-338.34,,,
203_Dreamlike_A,203,Dreamlike,A,203_Dreamlike.m4a,/assets/media/audio/203_Dreamlike.m4a,143.92,161.5,C#,0.1474,-332.62,,,
204_Mythic_B,204,Mythic,B,204_Mythic.m4a,/assets/media/audio/204_Mythic.m4a,193.32,117.5,Bb,0.1487,-331.04,,,
205_Mythic_A,205,Mythic,A,205_Mythic.m4a,/assets/media/audio/205_Mythic.m4a,157.96,99.4,C,0.1655,-312.51,,,
206_Incongruous_B,206,Incongruous,B,206_Incongruous.m4a,/assets/media/audio/206_Incongruous.m4a,89.24,86.1,B,0.1442,-336.46,,,
207_Incongruous_A,207,Incongruous,A,207_Incongruous.m4a,/assets/media/audio/207_Incongruous.m4a,46.68,83.4,D,0.1384,-343.53,,,
208_Luminescent_B,208,Luminescent,B,208_Luminescent.m4a,/assets/media/audio/208_Luminescent.m4a,60.0,161.5,C,0.1013,-397.7,,,
209_Luminescent_A,209,Luminescent,A,209_Luminescent.m4a,/assets/media/audio/209_Luminescent.m4a,97.36,89.1,B,0.1383,-343.67,,,
210_Ethereal_B,210,Ethereal,B,210_Ethereal.m4a,/assets/media/audio/210_Ethereal.m4a,127.8,89.1,D,0.1332,-350.16,,,
211_Ethereal_A,211,Ethereal,A,211_Ethereal.m4a,/assets/media/audio/211_Ethereal.m4a,133.96,172.3,D,0.1297,-354.86,,,
212_Magical_B,212,Magical,B,212_Magical.m4a,/assets/media/audio/212_Magical.m4a,132.92,86.1,D,0.1019,-396.66,,,
213_Magical_A,213,Magical,A,213_Magical.m4a,/assets/media/audio/213_Magical.m4a,159.52,86.1,G,0.1377,-344.43,,,
214_Romantic_B,214,Romantic,B,214_Romantic.m4a,/assets/media/audio/214_Romantic.m4a,164.08,152.0,G,0.1365,-345.99,,,
215_Romantic_A,215,Romantic,A,215_Romantic.m4a,/assets/media/audio/215_Romantic.m4a,161.72,161.5,C#,0.14,-341.53,,,
216_Nostalgic_B,216,Nostalgic,B,216_Nostalgic.m4a,/assets/media/audio/216_Nostalgic.m4a,135.8,161.5,G,0.1674,-310.52,,,
217_Nostalgic_A,217,Nostalgic,A,217_Nostalgic.m4a,/assets/media/audio/217_Nostalgic.m4a,96.32,172.3,G,0.1431,-337.78,,,
218_Beautiful_B,218,Beautiful,B,218_Beautiful.m4a,/assets/media/audio/218_Beautiful.m4a,182.6,172.3,F,0.1297,-354.84,,,
219_Beautiful_A,219,Beautiful,A,219_Beautiful.m4a,/assets/media/audio/219_Beautiful.m4a,164.36,86.1,Ab,0.1408,-340.52,,,
220_Cinematic_B,220,Cinematic,B,220_Cinematic.m4a,/assets/media/audio/220_Cinematic.m4a,127.84,89.1,C,0.175,-302.82,,,
221_Cinematic_A,221,Cinematic,A,221_Cinematic.m4a,/assets/media/audio/221_Cinematic.m4a,148.04,89.1,F,0.1361,-346.4,,,
222_Novel_B,222,Novel,B,222_Novel.m4a,/assets/media/audio/222_Novel.m4a,65.4,152.0,Bb,0.1427,-338.18,,,
223_Novel_A,223,Novel,A,223_Novel.m4a,/assets/media/audio/223_Novel.m4a,98.2,143.6,E,0.1407,-340.66,,,
224_Whimsical_B,224,Whimsical,B,224_Whimsical.m4a,/assets/media/audio/224_Whimsical.m4a,85.24,89.1,A,0.1289,-355.91,,,
225_Whimsical_A,225,Whimsical,A,225_Whimsical.m4a,/assets/media/audio/225_Whimsical.m4a,76.36,86.1,B,0.1452,-335.23,,,
226_Weightless_B,226,Weightless,B,226_Weightless.m4a,/assets/media/audio/226_Weightless.m4a,142.64,89.1,C#,0.1412,-340.05,,,
227_Weightless_A,227,Weightless,A,227_Weightless.m4a,/assets/media/audio/227_Weightless.m4a,132.24,80.7,F#,0.1622,-316.03,,,
228_Liminal_B,228,Liminal,B,228_Liminal.m4a,/assets/media/audio/228_Liminal.m4a,144.92,117.5,Eb,0.1194,-369.15,,,
229_Liminal_A,229,Liminal,A,229_Liminal.m4a,/assets/media/audio/229_Liminal.m4a,84.0,80.7,C,0.1284,-356.61,,,
230_Dreamy_B,230,Dreamy,B,230_Dreamy.m4a,/assets/media/audio/230_Dreamy.m4a,119.92,161.5,C,0.1132,-378.49,,,
231_Dreamy_A,231,Dreamy,A,231_Dreamy.m4a,/assets/media/audio/231_Dreamy.m4a,144.28,161.5,C,0.1883,-290.01,,,
232_Unfolding_B,232,Unfolding,B,232_Unfolding.m4a,/assets/media/audio/232_Unfolding.m4a,135.72,86.1,Eb,0.171,-306.79,,,
233_Awakening_A,233,Awakening,A,233_Awakening.m4a,/assets/media/audio/233_Awakening.m4a,124.0,172.3,Ab,0.1474,-332.61,,,
234_Awakening_B,234,Awakening,B,234_Awakening.m4a,/assets/media/audio/234_Awakening.m4a,110.64,161.5,G,0.1248,-361.51,,,
235_Imminent_A,235,Imminent,A,235_Imminent.m4a,/assets/media/audio/235_Imminent.m4a,122.96,161.5,F,0.1494,-330.28,,,
236_Imminent_B,236,Imminent,B,236_Imminent.m4a,/assets/media/audio/236_Imminent.m4a,106.4,89.1,Eb,0.1351,-347.78,,,
237_Enigmatic_A,237,Enigmatic,A,237_Enigmatic.m4a,/assets/media/audio/237_Enigmatic.m4a,118.44,89.1,F,0.1491,-330.6,,,
238_Enigmatic_B,238,Enigmatic,B,238_Enigmatic.m4a,/assets/media/audio/238_Enigmatic.m4a,117.12,83.4,F,0.1119,-380.42,,,
239_Transcendental_A,239,Transcendental,A,239_Transcendental.m4a,/assets/media/audio/239_Transcendental.m4a,127.68,136.0,Eb,0.169,-308.87,,,
240_Transcendental_B,240,Transcendental,B,240_Transcendental.m4a,/assets/media/audio/240_Transcendental.m4a,133.32,89.1,G,0.1446,-335.89,,,
241_Futuristic_A,241,Futuristic,A,241_Futuristic.m4a,/assets/media/audio/241_Futuristic.m4a,159.96,99.4,Eb,0.172,-305.78,,,
242_Futuristic_B,242,Futuristic,B,242_Futuristic.m4a,/assets/media/audio/242_Futuristic.m4a,177.28,89.1,Eb,0.1357,-347.02,,,
243_Proleptic_A,243,Proleptic,A,243_Proleptic.m4a,/assets/media/audio/243_Proleptic.m4a,120.04,161.5,D,0.1621,-316.13,,,
244_Proleptic_B,244,Proleptic,B,244_Proleptic.m4a,/assets/media/audio/244_Proleptic.m4a,111.0,161.5,F#,0.1549,-324.03,,,
245_Esoteric_A,245,Esoteric,A,245_Esoteric.m4a,/assets/media/audio/245_Esoteric.m4a,157.48,117.5,Bb,0.1817,-296.3,,,
246_Esoteric_B,246,Esoteric,B,246_Esoteric.m4a,/assets/media/audio/246_Esoteric.m4a,149.08,161.5,C,0.1646,-313.46,,,
247_Powerful_A,247,Powerful,A,247_Powerful.m4a,/assets/media/audio/247_Powerful.m4a,120.04,161.5,B,0.1473,-332.71,,,
248_Powerful_B,248,Powerful,B,248_Powerful.m4a,/assets/media/audio/248_Powerful.m4a,131.72,95.7,B,0.1538,-325.16,,,
249_Visionary_A,249,Visionary,A,249_Visionary.m4a,/assets/media/audio/249_Visionary.m4a,219.96,89.1,F,0.1422,-338.89,,,
250_Visionary_B,250,Visionary,B,250_Visionary.m4a,/assets/media/audio/250_Visionary.m4a,166.0,117.5,Ab,0.1489,-330.9,,,
251_Innovative_A,251,Innovative,A,251_Innovative.m4a,/assets/media/audio/251_Innovative.m4a,85.16,89.1,D,0.1223,-365.06,,,
252_Innovative_B,252,Innovative,B,252_Innovative.m4a,/assets/media/audio/252_Innovative.m4a,90.64,117.5,A,0.1213,-366.43,,,
253_Lush_A,253,Lush,A,253_Lush.m4a,/assets/media/audio/253_Lush.m4a,144.76,161.5,C#,0.1376,-344.56,,,
254_Lush_B,254,Lush,B,254_Lush.m4a,/assets/media/audio/254_Lush.m4a,141.0,80.7,Bb,0.1497,-329.96,,,
255_Dreamlike_A,255,Dreamlike,A,255_Dreamlike.m4a,/assets/media/audio/255_Dreamlike.m4a,122.6,152.0,F#,0.1309,-353.27,,,
256_Dreamlike_B,256,Dreamlike,B,256_Dreamlike.m4a,/assets/media/audio/256_Dreamlike.m4a,142.76,143.6,Ab,0.1699,-307.89,,,
257_Longing_A,257,Longing,A,257_Longing.m4a,/assets/media/audio/257_Longing.m4a,136.24,99.4,G,0.1221,-365.27,,,
258_Longing_B,258,Longing,B,258_Longing.m4a,/assets/media/audio/258_Longing.m4a,138.0,73.8,G,0.1238,-362.89,,,
259_Mesmerizing_A,259,Mesmerizing,A,259_Mesmerizing.m4a,/assets/media/audio/259_Mesmerizing.m4a,134.64,161.5,F,0.1654,-312.55,,,
260_Mesmerizing_B,260,Mesmerizing,B,260_Mesmerizing.m4a,/assets/media/audio/260_Mesmerizing.m4a,122.28,161.5,F,0.1382,-343.81,,,
261_Mesmerizing_A,261,Mesmerizing,A,261_Mesmerizing.m4a,/assets/media/audio/261_Mesmerizing.m4a,132.6,78.3,Bb,0.1683,-309.56,,,
262_Mesmerizing_B,262,Mesmerizing,B,262_Mesmerizing.m4a,/assets/media/audio/262_Mesmerizing.m4a,93.04,172.3,Eb,0.1443,-336.3,,,
263_Enchanted_A,263,Enchanted,A,263_Enchanted.m4a,/assets/media/audio/263_Enchanted.m4a,111.0,80.7,G,0.1128,-379.02,,,
264_Enchanted_B,264,Enchanted,B,264_Enchanted.m4a,/assets/media/audio/264_Enchanted.m4a,95.44,161.5,G,0.1198,-368.58,,,
265_Speculative_A,265,Speculative,A,265_Speculative.m4a,/assets/media/audio/265_Speculative.m4a,128.0,89.1,Bb,0.1016,-397.2,,,
266_Speculative_B,266,Speculative,B,266_Speculative.m4a,/assets/media/audio/266_Speculative.m4a,156.68,92.3,F,0.1276,-357.64,,,
267_Imaginative_A,267,Imaginative,A,267_Imaginative.m4a,/assets/media/audio/267_Imaginative.m4a,112.16,89.1,Ab,0.1276,-357.62,,,
268_Imaginative_B,268,Imaginative,B,268_Imaginative.m4a,/assets/media/audio/268_Imaginative.m4a,142.44,89.1,C,0.1052,-391.21,,,
269_Adventurous_A,269,Adventurous,A,269_Adventurous.m4a,/assets/media/audio/269_Adventurous.m4a,135.96,89.1,F,0.1618,-316.44,,,
270_Adventurous_B,270,Adventurous,B,270_Adventurous.m4a,/assets/media/audio/270_Adventurous.m4a,127.36,184.6,B,0.1759,-301.85,,,
271_Inspired_A,271,Inspired,A,271_Inspired.m4a,/assets/media/audio/271_Inspired.m4a,137.92,103.4,D,0.1618,-316.37,,,
272_Inspired_B,272,Inspired,B,272_Inspired.m4a,/assets/media/audio/272_Inspired.m4a,99.96,95.7,F,0.155,-323.84,,,
273_Hopeful_A,273,Hopeful,A,273_Hopeful.m4a,/assets/media/audio/273_Hopeful.m4a,119.92,89.1,F#,0.1338,-349.43,,,
274_Hopeful_B,274,Hopeful,B,274_Hopeful.m4a,/assets/media/audio/274_Hopeful.m4a,75.08,89.1,F#,0.1479,-331.99,,,
275_Prospective_A,275,Prospective,A,275_Prospective.m4a,/assets/media/audio/275_Prospective.m4a,121.92,80.7,G,0.1416,-339.63,,,
276_Prospective_B,276,Prospective,B,276_Prospective.m4a,/assets/media/audio/276_Prospective.m4a,139.72,172.3,Ab,0.1509,-328.51,,,
277_Unfolding_A,277,Unfolding,A,277_Unfolding.m4a,/assets/media/audio/277_Unfolding.m4a,136.24,86.1,C,0.154,-324.98,,,
278_Unfolding_B,278,Unfolding,B,278_Unfolding.m4a,/assets/media/audio/278_Unfolding.m4a,137.04,86.1,C,0.1668,-311.09,,,
279_Whimsical_A,279,Whimsical,A,279_Whimsical.m4a,/assets/media/audio/279_Whimsical.m4a,76.04,95.7,C,0.1123,-379.91,,,
280_Whimsical_B,280,Whimsical,B,280_Whimsical.m4a,/assets/media/audio/280_Whimsical.m4a,74.68,89.1,C,0.1138,-377.61,,,
281_Curious_A,281,Curious,A,281_Curious.m4a,/assets/media/audio/281_Curious.m4a,62.32,172.3,C#,0.148,-331.92,,,
282_Curious_B,282,Curious,B,282_Curious.m4a,/assets/media/audio/282_Curious.m4a,126.96,152.0,G,0.1296,-354.94,,,
283_Experimental_A,283,Experimental,A,283_Experimental.m4a,/assets/media/audio/283_Experimental.m4a,98.24,123.0,Bb,0.1057,-390.35,,,
284_Experimental_B,284,Experimental,B,284_Experimental.m4a,/assets/media/audio/284_Experimental.m4a,120.92,112.3,F,0.1283,-356.71,,,
285_Curious_A,285,Curious,A,285_Curious.m4a,/assets/media/audio/285_Curious.m4a,120.08,89.1,E,0.1076,-387.3,,,
286_Curious_B,286,Curious,B,286_Curious.m4a,/assets/media/audio/286_Curious.m4a,67.24,89.1,Bb,0.1343,-348.78,,,
287_Timeless_A,287,Timeless,A,287_Timeless.m4a,/assets/media/audio/287_Timeless.m4a,71.44,86.1,Bb,0.1336,-349.66,,,
288_Timeless_B,288,Timeless,B,288_Timeless.m4a,/assets/media/audio/288_Timeless.m4a,125.4,78.3,Bb,0.1295,-355.15,,,
289_Arcane_A,289,Arcane,A,289_Arcane.m4a,/assets/media/audio/289_Arcane.m4a,125.64,172.3,F#,0.1807,-297.23,,,
290_Arcane_B,290,Arcane,B,290_Arcane.m4a,/assets/media/audio/290_Arcane.m4a,172.64,172.3,C,0.0812,-436.15,,,
291_Deconstructed_A,291,Deconstructed,A,291_Deconstructed.m4a,/assets/media/audio/291_Deconstructed.m4a,125.32,83.4,B,0.1362,-346.27,,,
292_Deconstructed_B,292,Deconstructed,B,292_Deconstructed.m4a,/assets/media/audio/292_Deconstructed.m4a,122.76,86.1,F,0.1329,-350.56,,,
293_Underground_A,293,Underground,A,293_Underground.m4a,/assets/media/audio/293_Underground.m4a,131.56,161.5,B,0.1478,-332.09,,,
294_Underground_B,294,Underground,B,294_Underground.m4a,/assets/media/audio/294_Underground.m4a,134.96,161.5,B,0.1357,-346.94,,,
295_Glitchy_A,295,Glitchy,A,295_Glitchy.m4a,/assets/media/audio/295_Glitchy.m4a,115.16,152.0,F#,0.1434,-337.34,,,
296_Glitchy_B,296,Glitchy,B,296_Glitchy.m4a,/assets/media/audio/296_Glitchy.m4a,79.12,136.0,F#,0.1449,-335.59,,,
297_Abstract_A,297,Abstract,A,297_Abstract.m4a,/assets/media/audio/297_Abstract.m4a,95.96,80.7,Bb,0.1216,-366.0,,,
298_Abstract_B,298,Abstract,B,298_Abstract.m4a,/assets/media/audio/298_Abstract.m4a,69.4,83.4,A,0.13,-354.47,,,
299_Soulful_A,299,Soulful,A,299_Soulful.m4a,/assets/media/audio/299_Soulful.m4a,169.92,161.5,Eb,0.1292,-355.55,,,
300_Soulful_B,300,Soulful,B,300_Soulful.m4a,/assets/media/audio/300_Soulful.m4a,150.68,112.3,G,0.1452,-335.17,,,
301_Raw_A,301,Raw,A,301_Raw.m4a,/assets/media/audio/301_Raw.m4a,92.68,172.3,F#,0.1223,-365.07,,,
302_Raw_B,302,Raw,B,302_Raw.m4a,/assets/media/audio/302_Raw.m4a,113.2,172.3,F#,0.1906,-287.95,,,
303_Atmospheric_A,303,Atmospheric,A,303_Atmospheric.m4a,/assets/media/audio/303_Atmospheric.m4a,124.6,89.1,Bb,0.139,-342.81,,,
304_Atmospheric_B,304,Atmospheric,B,304_Atmospheric.m4a,/assets/media/audio/304_Atmospheric.m4a,134.0,112.3,Bb,0.1593,-319.14,,,
305_Clinical_A,305,Clinical,A,305_Clinical.m4a,/assets/media/audio/305_Clinical.m4a,120.64,95.7,F#,0.1419,-339.24,,,
306_Clinical_B,306,Clinical,B,306_Clinical.m4a,/assets/media/audio/306_Clinical.m4a,107.68,89.1,C#,0.1251,-361.04,,,
307_Grounded_A,307,Grounded,A,307_Grounded.m4a,/assets/media/audio/307_Grounded.m4a,134.96,86.1,F,0.1531,-325.96,,,
308_Grounded_B,308,Grounded,B,308_Grounded.m4a,/assets/media/audio/308_Grounded.m4a,134.92,117.5,F,0.1279,-357.24,,,
309_Textural_A,309,Textural,A,309_Textural.m4a,/assets/media/audio/309_Textural.m4a,82.12,172.3,C,0.1307,-353.52,,,
310_Textural_B,310,Textural,B,310_Textural.m4a,/assets/media/audio/310_Textural.m4a,112.76,161.5,B,0.1607,-317.54,,,
311_Reflective_A,311,Reflective,A,311_Reflective.m4a,/assets/media/audio/311_Reflective.m4a,122.04,89.1,C#,0.1347,-348.22,,,
312_Reflective_B,312,Reflective,B,312_Reflective.m4a,/assets/media/audio/312_Reflective.m4a,134.04,161.5,Ab,0.1569,-321.79,,,
313_Concrete_A,313,Concrete,A,313_Concrete.m4a,/assets/media/audio/313_Concrete.m4a,60.04,161.5,C#,0.152,-327.28,,,
314_Concrete_B,314,Concrete,B,314_Concrete.m4a,/assets/media/audio/314_Concrete.m4a,87.32,86.1,F#,0.1265,-359.2,,,
315_Analog_A,315,Analog,A,315_Analog.m4a,/assets/media/audio/315_Analog.m4a,125.88,112.3,A,0.16,-318.33,,,
316_Analog_B,316,Analog,B,316_Analog.m4a,/assets/media/audio/316_Analog.m4a,83.24,152.0,F#,0.1389,-342.9,,,
317_Grounded_A,317,Grounded,A,317_Grounded.m4a,/assets/media/audio/317_Grounded.m4a,120.72,117.5,F,0.1411,-340.15,,,
318_Grounded_B,318,Grounded,B,318_Grounded.m4a,/assets/media/audio/318_Grounded.m4a,113.92,161.5,F,0.1397,-341.91,,,
319_Structured_A,319,Structured,A,319_Structured.m4a,/assets/media/audio/319_Structured.m4a,132.28,172.3,A,0.1641,-313.95,,,
320_Structured_B,320,Structured,B,320_Structured.m4a,/assets/media/audio/320_Structured.m4a,141.2,161.5,C,0.1272,-358.19,,,
321_Minimalist_A,321,Minimalist,A,321_Minimalist.m4a,/assets/media/audio/321_Minimalist.m4a,87.48,152.0,F,0.1513,-328.04,,,
322_Minimalist_B,322,Minimalist,B,322_Minimalist.m4a,/assets/media/audio/322_Minimalist.m4a,65.96,86.1,G,0.1418,-339.32,,,
323_Objective_A,323,Objective,A,323_Objective.m4a,/assets/media/audio/323_Objective.m4a,97.48,80.7,Bb,0.0938,-411.17,,,
324_Objective_B,324,Objective,B,324_Objective.m4a,/assets/media/audio/324_Objective.m4a,127.0,161.5,B,0.1424,-338.63,,,
325_Detached_A,325,Detached,A,325_Detached.m4a,/assets/media/audio/325_Detached.m4a,137.8,172.3,C,0.1384,-343.56,,,
326_Detached_B,326,Detached,B,326_Detached.m4a,/assets/media/audio/326_Detached.m4a,122.44,172.3,C,0.1687,-309.16,,,
327_Impassive_A,327,Impassive,A,327_Impassive.m4a,/assets/media/audio/327_Impassive.m4a,125.28,80.7,Ab,0.1437,-336.99,,,
328_Impassive_B,328,Impassive,B,328_Impassive.m4a,/assets/media/audio/328_Impassive.m4a,109.52,161.5,Bb,0.1427,-338.21,,,
329_Ambivalent_A,329,Ambivalent,A,329_Ambivalent.m4a,/assets/media/audio/329_Ambivalent.m4a,116.84,80.7,Bb,0.143,-337.81,,,
330_Ambivalent_B,330,Ambivalent,B,330_Ambivalent.m4a,/assets/media/audio/330_Ambivalent.m4a,121.48,161.5,Ab,0.1654,-312.61,,,
331_Observational_A,331,Observational,A,331_Observational.m4a,/assets/media/audio/331_Observational.m4a,95.8,43.8,Bb,0.1284,-356.51,,,
332_Observational_B,332,Observational,B,332_Observational.m4a,/assets/media/audio/332_Observational.m4a,92.72,172.3,A,0.1724,-305.39,,,
333_Imminent_A,333,Imminent,A,333_Imminent.m4a,/assets/media/audio/333_Imminent.m4a,138.0,184.6,F,0.1254,-360.7,,,
334_Imminent_B,334,Imminent,B,334_Imminent.m4a,/assets/media/audio/334_Imminent.m4a,124.88,86.1,F,0.1353,-347.54,,,
335_Neutral_A,335,Neutral,A,335_Neutral.m4a,/assets/media/audio/335_Neutral.m4a,139.88,161.5,Bb,0.1515,-327.83,,,
336_Neutral_B,336,Neutral,B,336_Neutral.m4a,/assets/media/audio/336_Neutral.m4a,99.08,161.5,B,0.124,-362.68,,,
337_Frenzied_A,337,Frenzied,A,337_Frenzied.m4a,/assets/media/audio/337_Frenzied.m4a,96.72,86.1,Eb,0.1402,-341.34,,,
338_Frenzied_B,338,Frenzied,B,338_Frenzied.m4a,/assets/media/audio/338_Frenzied.m4a,78.68,184.6,Eb,0.1207,-367.26,,,
339_Wrathful_A,339,Wrathful,A,339_Wrathful.m4a,/assets/media/audio/339_Wrathful.m4a,114.92,117.5,F,0.1414,-339.84,,,
340_Wrathful_B,340,Wrathful,B,340_Wrathful.m4a,/assets/media/audio/340_Wrathful.m4a,79.96,117.5,F,0.1324,-351.24,,,
341_Explosive_A,341,Explosive,A,341_Explosive.m4a,/assets/media/audio/341_Explosive.m4a,112.84,172.3,Ab,0.1212,-366.55,,,
342_Explosive_B,342,Explosive,B,342_Explosive.m4a,/assets/media/audio/342_Explosive.m4a,144.76,83.4,Ab,0.1245,-361.93,,,
343_Riotous_A,343,Riotous,A,343_Riotous.m4a,/assets/media/audio/343_Riotous.m4a,43.84,103.4,G,0.1408,-340.59,,,
344_Riotous_B,344,Riotous,B,344_Riotous.m4a,/assets/media/audio/344_Riotous.m4a,37.08,184.6,A,0.1319,-351.88,,,
345_Riotous_A,345,Riotous,A,345_Riotous.m4a,/assets/media/audio/345_Riotous.m4a,88.44,103.4,B,0.1262,-359.62,,,
346_Riotous_B,346,Riotous,B,346_Riotous.m4a,/assets/media/audio/346_Riotous.m4a,59.92,112.3,Ab,0.1366,-345.88,,,
347_Furious_A,347,Furious,A,347_Furious.m4a,/assets/media/audio/347_Furious.m4a,126.16,172.3,Eb,0.1464,-333.77,,,
348_Furious_B,348,Furious,B,348_Furious.m4a,/assets/media/audio/348_Furious.m4a,130.32,161.5,Ab,0.1404,-341.11,,,
349_Rebellious_A,349,Rebellious,A,349_Rebellious.m4a,/assets/media/audio/349_Rebellious.m4a,120.04,161.5,G,0.1689,-308.93,,,
350_Rebellious_B,350,Rebellious,B,350_Rebellious.m4a,/assets/media/audio/350_Rebellious.m4a,94.88,92.3,D,0.1584,-320.06,,,
351_Belligerent_A,351,Belligerent,A,351_Belligerent.m4a,/assets/media/audio/351_Belligerent.m4a,109.68,172.3,G,0.1923,-286.39,,,
352_Belligerent_B,352,Belligerent,B,352_Belligerent.m4a,/assets/media/audio/352_Belligerent.m4a,104.96,92.3,F,0.1979,-281.46,,,
353_Combative_A,353,Combative,A,353_Combative.m4a,/assets/media/audio/353_Combative.m4a,132.88,172.3,A,0.1517,-327.58,,,
354_Combative_B,354,Combative,B,354_Combative.m4a,/assets/media/audio/354_Combative.m4a,134.6,172.3,F#,0.1448,-335.68,,,
355_Aggressive_A,355,Aggressive,A,355_Aggressive.m4a,/assets/media/audio/355_Aggressive.m4a,53.24,89.1,E,0.1589,-319.5,,,
356_Aggressive_B,356,Aggressive,B,356_Aggressive.m4a,/assets/media/audio/356_Aggressive.m4a,59.04,117.5,G,0.1446,-335.98,,,
357_Angry_A,357,Angry,A,357_Angry.m4a,/assets/media/audio/357_Angry.m4a,124.28,172.3,Bb,0.1561,-322.61,,,
358_Angry_B,358,Angry,B,358_Angry.m4a,/assets/media/audio/358_Angry.m4a,124.88,161.5,E,0.1449,-335.51,,,
359_Volatile_A,359,Volatile,A,359_Volatile.m4a,/assets/media/audio/359_Volatile.m4a,65.08,89.1,G,0.1353,-347.5,,,
360_Volatile_B,360,Volatile,B,360_Volatile.m4a,/assets/media/audio/360_Volatile.m4a,83.32,89.1,B,0.1216,-366.07,,,
361_Defiant_A,361,Defiant,A,361_Defiant.m4a,/assets/media/audio/361_Defiant.m4a,112.28,172.3,F#,0.1341,-349.07,,,
362_Defiant_B,362,Defiant,B,362_Defiant.m4a,/assets/media/audio/362_Defiant.m4a,113.08,89.1,B,0.1451,-335.37,,,
363_Provocative_A,363,Provocative,A,363_Provocative.m4a,/assets/media/audio/363_Provocative.m4a,95.2,123.0,Eb,0.148,-331.92,,,
364_Provocative_B,364,Provocative,B,364_Provocative.m4a,/assets/media/audio/364_Provocative.m4a,93.84,86.1,Bb,0.1409,-340.44,,,
365_Charged_A,365,Charged,A,365_Charged.m4a,/assets/media/audio/365_Charged.m4a,129.56,95.7,E,0.1483,-331.55,,,
366_Charged_B,366,Charged,B,366_Charged.m4a,/assets/media/audio/366_Charged.m4a,134.96,103.4,E,0.1564,-322.3,,,
367_Hard-hitting_A,367,Hard-hitting,A,367_Hard-hitting.m4a,/assets/media/audio/367_Hard-hitting.m4a,90.2,89.1,G,0.1571,-321.57,,,
368_Hard-hitting_B,368,Hard-hitting,B,368_Hard-hitting.m4a,/assets/media/audio/368_Hard-hitting.m4a,55.4,172.3,C#,0.1497,-329.94,,,
369_Intense_A,369,Intense,A,369_Intense.m4a,/assets/media/audio/369_Intense.m4a,118.8,161.5,Ab,0.1635,-314.59,,,
370_Intense_B,370,Intense,B,370_Intense.m4a,/assets/media/audio/370_Intense.m4a,69.96,161.5,B,0.1352,-347.6,,,
371_Powerful_A,371,Powerful,A,371_Powerful.m4a,/assets/media/audio/371_Powerful.m4a,118.28,89.1,Bb,0.1194,-369.14,,,
372_Powerful_B,372,Powerful,B,372_Powerful.m4a,/assets/media/audio/372_Powerful.m4a,123.88,152.0,Eb,0.1531,-326.06,,,
373_Energetic_A,373,Energetic,A,373_Energetic.m4a,/assets/media/audio/373_Energetic.m4a,120.48,117.5,A,0.154,-325.04,,,
374_Energetic_B,374,Energetic,B,374_Energetic.m4a,/assets/media/audio/374_Energetic.m4a,111.48,112.3,D,0.1465,-333.65,,,
375_Anti-Establishment_A,375,Anti-Establishment,A,375_Anti-Establishment.m4a,/assets/media/audio/375_Anti-Establishment.m4a,103.52,92.3,C#,0.1233,-363.67,,,
376_Anti-Establishment_B,376,Anti-Establishment,B,376_Anti-Establishment.m4a,/assets/media/audio/376_Anti-Establishment.m4a,98.56,89.1,G,0.1433,-337.5,,,
377_Tense_A,377,Tense,A,377_Tense.m4a,/assets/media/audio/377_Tense.m4a,93.0,83.4,C#,0.1528,-326.4,,,
378_Tense_B,378,Tense,B,378_Tense.m4a,/assets/media/audio/378_Tense.m4a,109.96,161.5,F,0.1806,-297.33,,,
379_Restless_A,379,Restless,A,379_Restless.m4a,/assets/media/audio/379_Restless.m4a,84.88,172.3,Ab,0.1417,-339.47,,,
380_Restless_B,380,Restless,B,380_Restless.m4a,/assets/media/audio/380_Restless.m4a,88.12,112.3,C,0.1139,-377.35,,,
381_Gritty_A,381,Gritty,A,381_Gritty.m4a,/assets/media/audio/381_Gritty.m4a,67.56,184.6,G,0.1507,-328.75,,,
382_Gritty_B,382,Gritty,B,382_Gritty.m4a,/assets/media/audio/382_Gritty.m4a,67.24,89.1,F#,0.1329,-350.6,,,
383_Edgy_A,383,Edgy,A,383_Edgy.m4a,/assets/media/audio/383_Edgy.m4a,99.96,83.4,F#,0.1366,-345.87,,,
384_Edgy_B,384,Edgy,B,384_Edgy.m4a,/assets/media/audio/384_Edgy.m4a,122.8,172.3,Ab,0.1938,-285.03,,,