date,title,url,snippet,source,keyword_source,status,flags,score,tags,url_normalized
2025-07-21,Google Alert - Lo-Fi,https://www.google.com/url?rct=j&sa=t&url=https://routenote.com/radar/aso-driving-a-warm-and-introspective-lo-fi-instrumental/&ct=ga&cd=CAEYACoUMTUxMzI2MDY1NTI0NDQwNDE0NjgyGjI5OWVmNjc3NDNjODE2NjA6Y29tOmVuOlVT&usg=AOvVaw1wXFO8Oq9IRKr99HL8UCPU>,"=== News - 10 new results for [Lo-Fi] ===
 
 Aso - Driving: A Warm and Introspective Lo-Fi Instrumental - RouteNote -
 Radar
 RouteNote
 Aso's “Driving” is a warm, introspective lo-fi instrumental tha",Google Alert,lo-fi,pending,,70,#StudioRichCore,https://www.google.com/url?rct=j&sa=t&url=https://routenote.com/radar/aso-driving-a-warm-and-introspective-lo-fi-instrumental/&ct=ga&cd=caeyacoumtuxmzi2mdy1nti0ndqwnde0njgygji5owvmnjc3ndnjode2nja6y29tomvuolvt&usg=aovvaw1wxfo8oq9irkr99hl8ucpu>
2025-07-22,Google Alert - Lofi,https://www.google.com/url?rct=j&sa=t&url=https://earmilk.com/2025/07/21/t-m-shares-lo-fi-heartbreak-anthem-sadderday/&ct=ga&cd=CAEYACoTMTc3NjM2ODg1NjE5MzQ0Njk3ODIaN2UzM2ZkNjllYmQ3YmJkNjpjb206ZW46VVM&usg=AOvVaw1gL55KWIQdglAbNeeZY6oW>,"=== News - 9 new results for [Lofi] ===
 
 T.M. shares lo-fi heartbreak anthem “SADDERDAY” - EARMILK
 EARMILK
 T.M. shares lo-fi heartbreak anthem “SADDERDAY” ... In an era dominated by
 high-gloss pr",Google Alert,lo-fi,pending,,70,#StudioRichCore,https://www.google.com/url?rct=j&sa=t&url=https://earmilk.com/2025/07/21/t-m-shares-lo-fi-heartbreak-anthem-sadderday/&ct=ga&cd=caeyacotmtc3njm2odg1nje5mzq0njk3odian2uzm2zknjllymq3ymjknjpjb206zw46vvm&usg=aovvaw1gl55kwiqdglabneezy6ow>
2025-07-28,Google Alert - Lofi,https://www.google.com/url?rct=j&sa=t&url=https://www.laughingplace.com/disney-entertainment/fantastic-four-mickey-lo-fi/&ct=ga&cd=CAEYACoUMTUxMzE5NDU1NDYxMzUwNzIxNjkyGjdlMzNmZDY5ZWJkN2JiZDY6Y29tOmVuOlVT&usg=AOvVaw3TC43MReqKA9gmznKZgbhB>,"=== News - 3 new results for [Lofi] ===
 
 Lofi with Layers: Disney's Newest Soundtrack Vid Checks Off A Few Boxes on
 the Synergy Checklist
 Laughing Place
 A new video has arrived featuring the soun",Google Alert,lo-fi,pending,,55,#SceneFocus,https://www.google.com/url?rct=j&sa=t&url=https://www.laughingplace.com/disney-entertainment/fantastic-four-mickey-lo-fi/&ct=ga&cd=caeyacoumtuxmze5ndu1ndyxmzuwnzixnjkygjdlmznmzdy5zwjkn2jizdy6y29tomvuolvt&usg=aovvaw3tc43mreqka9gmznkzgbhb>
2025-07-31,Google Alert - Lo-Fi,https://www.google.com/url?rct=j&sa=t&url=https://www.eonline.com/news/1420565/youtubes-lo-fi-girl-graduates-after-studying-for-7-years&ct=ga&cd=CAEYACoUMTQwMzk1NTQxODQyNTg5MzA2NTEyGjI5OWVmNjc3NDNjODE2NjA6Y29tOmVuOlVT&usg=AOvVaw1AM1nlrwXmNwmTlV4BQ5vF>,"=== News - 10 new results for [Lo-Fi] ===
 
 YouTube's Lofi Girl Graduates After Studying for 7 Years - E! News
 E! News
 Lofi Girl—whose perpetual studying animation accompanies a long-running
 YouTu",Google Alert,lo-fi,pending,,70,#StudioRichCore,https://www.google.com/url?rct=j&sa=t&url=https://www.eonline.com/news/1420565/youtubes-lo-fi-girl-graduates-after-studying-for-7-years&ct=ga&cd=caeyacoumtqwmzk1ntqxodqyntg5mza2nteygji5owvmnjc3ndnjode2nja6y29tomvuolvt&usg=aovvaw1am1nlrwxmnwmtlv4bq5vf>
2025-07-31,Google Alert - Lofi,https://www.google.com/url?rct=j&sa=t&url=https://www.eonline.com/news/1420565/youtubes-lo-fi-girl-graduates-after-studying-for-7-years&ct=ga&cd=CAEYACoUMTc0NTQ0MjgwMzA1NDEzNzExMTUyGjdlMzNmZDY5ZWJkN2JiZDY6Y29tOmVuOlVT&usg=AOvVaw1AM1nlrwXmNwmTlV4BQ5vF>,"=== News - 10 new results for [Lofi] ===
 
 YouTube's Lofi Girl Graduates After Studying for 7 Years - E! News
 E! News
 Lofi Girl—whose perpetual studying animation accompanies a long-running
 YouTub",Google Alert,lo-fi,pending,,50,,https://www.google.com/url?rct=j&sa=t&url=https://www.eonline.com/news/1420565/youtubes-lo-fi-girl-graduates-after-studying-for-7-years&ct=ga&cd=caeyacoumtc0ntq0mjgwmza1ndeznzexmtuygjdlmznmzdy5zwjkn2jizdy6y29tomvuolvt&usg=aovvaw1am1nlrwxmnwmtlv4bq5vf>
2025-08-01,Google Alert - Lo-Fi,https://www.google.com/url?rct=j&sa=t&url=https://thehustle.co/news/this-ai-device-lets-you-watch-your-dreams-as-lo-fi-movies&ct=ga&cd=CAEYACoTMjU3MDQyMTkzODI2NTQzMDQzMTIaMjk5ZWY2Nzc0M2M4MTY2MDpjb206ZW46VVM&usg=AOvVaw0y1Na5K2a9bIzmhMCRx81V>,"=== News - 10 new results for [Lo-Fi] ===
 
 This AI device lets you watch your dreams as lo-fi movies - The Hustle
 The Hustle
 Modem's Dream Recorder generates users' dreams into lo-fi movies.
 <htt",Google Alert,lo-fi,pending,,70,#StudioRichCore,https://www.google.com/url?rct=j&sa=t&url=https://thehustle.co/news/this-ai-device-lets-you-watch-your-dreams-as-lo-fi-movies&ct=ga&cd=caeyacotmju3mdqymtkzodi2ntqzmdqzmtiamjk5zwy2nzc0m2m4mty2mdpjb206zw46vvm&usg=aovvaw0y1na5k2a9bizmhmcrx81v>
2025-08-01,Google Alert - Lofi,https://www.google.com/url?rct=j&sa=t&url=https://vocal.media/humans/lo-fi-girl-graduates-after-eight-years-of-eternal-studying&ct=ga&cd=CAEYACoUMTQ2NTA2NTY2MDc5MjMyNjA2NjIyGjdlMzNmZDY5ZWJkN2JiZDY6Y29tOmVuOlVT&usg=AOvVaw1YxJg946-blgJkOMhiJAPp>,"=== News - 10 new results for [Lofi] ===
 
 Lofi Girl Graduates After Eight Years of Eternal Studying | Humans - Vocal
 Media
 Vocal Media
 The studying is over for the face behind the viral Lofi live",Google Alert,lo-fi,pending,,50,,https://www.google.com/url?rct=j&sa=t&url=https://vocal.media/humans/lo-fi-girl-graduates-after-eight-years-of-eternal-studying&ct=ga&cd=caeyacoumtq2nta2nty2mdc5mjmynja2njiygjdlmznmzdy5zwjkn2jizdy6y29tomvuolvt&usg=aovvaw1yxjg946-blgjkomhijapp>
2025-08-02,Google Alert - Lo-Fi,https://www.google.com/url?rct=j&sa=t&url=https://timesofindia.indiatimes.com/etimes/trending/after-8-years-the-lo-fi-girl-has-finally-graduated-and-the-internet-is-nostalgic/articleshow/123051163.cms&ct=ga&cd=CAEYACoSMjc5NDIxMzc1ODQ5NTczMjc0MhoyOTllZjY3NzQzYzgxNjYwOmNvbTplbjpVUw&usg=AOvVaw3PHxOiZFXjMrLQ8_tZMA0m>,"=== News - 10 new results for [Lo-Fi] ===
 
 After 8 years, the lo-fi girl has finally graduated- and the internet is
 nostalgic - Times of India
 Times of India
 Trending News: After eight years of c",Google Alert,lo-fi,pending,,75,"#WeirdMusicInternet, #StudioRichCore",https://www.google.com/url?rct=j&sa=t&url=https://timesofindia.indiatimes.com/etimes/trending/after-8-years-the-lo-fi-girl-has-finally-graduated-and-the-internet-is-nostalgic/articleshow/123051163.cms&ct=ga&cd=caeyacosmjc5ndixmzc1odq5ntczmjc0mhoyotllzjy3nzqzyzgxnjywomnvbtplbjpvuw&usg=aovvaw3phxoizfxjmrlq8_tzma0m>
2025-08-03,Google Alert - Lo-Fi,https://www.google.com/url?rct=j&sa=t&url=https://www.msn.com/en-us/music/news/vinyl-lp-of-lo-fi-remixes-of-classic-konami-arcade-themes/ar-AA1JJbf6&ct=ga&cd=CAEYACoUMTU4NTQ1MjYyNzAxNDE5NTk0NzMyGjI5OWVmNjc3NDNjODE2NjA6Y29tOmVuOlVT&usg=AOvVaw2eY9AnEOM3d5Suei_aR40L>,"=== News - 10 new results for [Lo-Fi] ===
 
 Vinyl LP of lo-fi remixes of classic Konami arcade themes - MSN
 MSN
 Konami LoFi Beats To Chill To [sold out, try eBay] is a vinyl LP featuring
 relaxing,",Google Alert,lo-fi,pending,,75,"#SceneFocus, #StudioRichCore",https://www.google.com/url?rct=j&sa=t&url=https://www.msn.com/en-us/music/news/vinyl-lp-of-lo-fi-remixes-of-classic-konami-arcade-themes/ar-aa1jjbf6&ct=ga&cd=caeyacoumtu4ntq1mjyynzaxnde5ntk0nzmygji5owvmnjc3ndnjode2nja6y29tomvuolvt&usg=aovvaw2ey9aneom3d5suei_ar40l>
2025-08-03,Google Alert - Lofi,https://www.google.com/url?rct=j&sa=t&url=https://www.msn.com/en-us/music/news/vinyl-lp-of-lo-fi-remixes-of-classic-konami-arcade-themes/ar-AA1JJbf6&ct=ga&cd=CAEYACoUMTgwMjM1OTA0NTYzNjA5MjQzMTEyGjdlMzNmZDY5ZWJkN2JiZDY6Y29tOmVuOlVT&usg=AOvVaw2eY9AnEOM3d5Suei_aR40L>,"=== News - 10 new results for [Lofi] ===
 
 Vinyl LP of lo-fi remixes of classic Konami arcade themes - MSN
 MSN
 Konami LoFi Beats To Chill To [sold out, try eBay] is a vinyl LP featuring
 relaxing,",Google Alert,lo-fi,pending,,75,"#SceneFocus, #StudioRichCore",https://www.google.com/url?rct=j&sa=t&url=https://www.msn.com/en-us/music/news/vinyl-lp-of-lo-fi-remixes-of-classic-konami-arcade-themes/ar-aa1jjbf6&ct=ga&cd=caeyacoumtgwmjm1ota0ntyznja5mjqzmteygjdlmznmzdy5zwjkn2jizdy6y29tomvuolvt&usg=aovvaw2ey9aneom3d5suei_ar40l>
2025-08-04,Google Alert - Lofi,https://www.google.com/url?rct=j&sa=t&url=https://www.highsnobiety.com/p/havaianas-zellerfeld-3d-printed-flip-flop/&ct=ga&cd=CAEYACoTNTgxMDQyMDEwMzQ4MjQ2NjgzMTIaN2UzM2ZkNjllYmQ3YmJkNjpjb206ZW46VVM&usg=AOvVaw2YYaft4_PGzppJ_iwDqaQM>,"=== News - 5 new results for [Lofi] ===
 
 Havaianas' 3D-Printed Flip-Flop Is Lo-Fi High-Tech
 Highsnobiety
 Havaianas & Zellerfeld's 3D-printed flip-flop is high-tech lo-fi footwear,
 a combo of cutt",Google Alert,lo-fi,pending,,70,#StudioRichCore,https://www.google.com/url?rct=j&sa=t&url=https://www.highsnobiety.com/p/havaianas-zellerfeld-3d-printed-flip-flop/&ct=ga&cd=caeyacotntgxmdqymdewmzq4mjq2njgzmtian2uzm2zknjllymq3ymjknjpjb206zw46vvm&usg=aovvaw2yyaft4_pgzppj_iwdqaqm>
2025-08-04,Google Alert - Lo-Fi,https://www.google.com/url?rct=j&sa=t&url=https://www.highsnobiety.com/p/havaianas-zellerfeld-3d-printed-flip-flop/&ct=ga&cd=CAEYACoUMTQ0OTQ5NDU2MjQ5MTI0MTc0NzQyGjI5OWVmNjc3NDNjODE2NjA6Y29tOmVuOlVT&usg=AOvVaw2YYaft4_PGzppJ_iwDqaQM>,"=== News - 10 new results for [Lo-Fi] ===
 
 Havaianas' 3D-Printed Flip-Flop Is Lo-Fi High-Tech
 Highsnobiety
 Havaianas & Zellerfeld's 3D-printed flip-flop is high-tech lo-fi footwear,
 a combo of cu",Google Alert,lo-fi,pending,,70,#StudioRichCore,https://www.google.com/url?rct=j&sa=t&url=https://www.highsnobiety.com/p/havaianas-zellerfeld-3d-printed-flip-flop/&ct=ga&cd=caeyacoumtq0otq5ndu2mjq5mti0mtc0nzqygji5owvmnjc3ndnjode2nja6y29tomvuolvt&usg=aovvaw2yyaft4_pgzppj_iwdqaqm>
2025-08-05,Google Alert - Lo-Fi,https://www.google.com/url?rct=j&sa=t&url=https://www.forbes.com/sites/danidiplacido/2025/08/04/its-the-end-of-an-era-for-youtubes-lo-fi-girl/&ct=ga&cd=CAEYACoSMzAxNzY0NDczNjQ1OTkwMzYzMhoyOTllZjY3NzQzYzgxNjYwOmNvbTplbjpVUw&usg=AOvVaw1JQ3XSptPgZdfuhD1Of4UI>,"=== News - 10 new results for [Lo-Fi] ===
 
 It's The End Of An Era For YouTube's 'Lofi Girl' - Forbes
 Forbes
 YouTube's Lofi Girl has finally finished her homework and officially
 'graduated' after",Google Alert,lo-fi,pending,,70,#StudioRichCore,https://www.google.com/url?rct=j&sa=t&url=https://www.forbes.com/sites/danidiplacido/2025/08/04/its-the-end-of-an-era-for-youtubes-lo-fi-girl/&ct=ga&cd=caeyacosmzaxnzy0ndcznjq1otkwmzyzmhoyotllzjy3nzqzyzgxnjywomnvbtplbjpvuw&usg=aovvaw1jq3xsptpgzdfuhd1of4ui>
2025-08-05,Google Alert - Lofi,https://www.google.com/url?rct=j&sa=t&url=https://www.forbes.com/sites/danidiplacido/2025/08/04/its-the-end-of-an-era-for-youtubes-lo-fi-girl/&ct=ga&cd=CAEYACoSOTM3ODUxNTY5MTE1NTUxNzM5Mho3ZTMzZmQ2OWViZDdiYmQ2OmNvbTplbjpVUw&usg=AOvVaw1JQ3XSptPgZdfuhD1Of4UI>,"=== News - 7 new results for [Lofi] ===
 
 It's The End Of An Era For YouTube's 'Lofi Girl' - Forbes
 Forbes
 YouTube's Lofi Girl, who stars in “lo-fi hip radio beats to relax/study to”
 playlists and",Google Alert,lo-fi,pending,,75,"#SceneFocus, #StudioRichCore",https://www.google.com/url?rct=j&sa=t&url=https://www.forbes.com/sites/danidiplacido/2025/08/04/its-the-end-of-an-era-for-youtubes-lo-fi-girl/&ct=ga&cd=caeyacosotm3oduxnty5mte1ntuxnzm5mho3ztmzzmq2owvizddiymq2omnvbtplbjpvuw&usg=aovvaw1jq3xsptpgzdfuhd1of4ui>
2025-08-10,Google Alert - Lo-Fi,https://www.google.com/url?rct=j&sa=t&url=https://24hip-hop.com/aguynamed-chai-the-sound-of-vulnerability-with-swagger/&ct=ga&cd=CAEYACoTNzk4MzA4MzA5Mjg5OTA0ODI1OTIaMjk5ZWY2Nzc0M2M4MTY2MDpjb206ZW46VVM&usg=AOvVaw3BlMLl9W5CbXwQwxO8GWiI>,"=== News - 10 new results for [Lo-Fi] ===
 
 aguynamed CHAI! — The Sound of Vulnerability With Swagger - 24Hip-Hop
 24Hip-Hop
 Blending alternative hip-hop, indie rap, and lo-fi soul, CHAI! crafts a",Google Alert,lo-fi,pending,,70,#StudioRichCore,https://www.google.com/url?rct=j&sa=t&url=https://24hip-hop.com/aguynamed-chai-the-sound-of-vulnerability-with-swagger/&ct=ga&cd=caeyacotnzk4mza4mza5mjg5ota0odi1otiamjk5zwy2nzc0m2m4mty2mdpjb206zw46vvm&usg=aovvaw3blmll9w5cbxwqwxo8gwii>
2025-08-11,Google Alert - Lofi,https://www.google.com/url?rct=j&sa=t&url=http://www.msn.com/en-us/tv/news/disney-and-iam8bit-team-up-for-a-lo-fi-gravity-falls-vinyl/ar-AA1HM6vK%3Fapiversion%3Dv2%26noservercache%3D1%26domshim%3D1%26renderwebcomponents%3D1%26wcseo%3D1%26batchservertelemetry%3D1%26noservertelemetry%3D1&ct=ga&cd=CAEYACoUMTI3NzA4MDMxOTI4OTA3NDY0MzkyGjdlMzNmZDY5ZWJkN2JiZDY6Y29tOmVuOlVT&usg=AOvVaw3kGuuuukEjdP9qRvw6PuNU>,"=== News - 2 new results for [Lofi] ===
 
 Disney And iam8bit Team Up For A Lo-Fi 'Gravity Falls' Vinyl - MSN
 MSN
 Following the Grammy-nominated Gravity Falls vinyl, iam8bit and Disney have
 teamed",Google Alert,lo-fi,pending,,70,#StudioRichCore,https://www.google.com/url?rct=j&sa=t&url=http://www.msn.com/en-us/tv/news/disney-and-iam8bit-team-up-for-a-lo-fi-gravity-falls-vinyl/ar-aa1hm6vk%3fapiversion%3dv2%26noservercache%3d1%26domshim%3d1%26renderwebcomponents%3d1%26wcseo%3d1%26batchservertelemetry%3d1%26noservertelemetry%3d1&ct=ga&cd=caeyacoumti3nza4mdmxoti4ota3ndy0mzkygjdlmznmzdy5zwjkn2jizdy6y29tomvuolvt&usg=aovvaw3kguuuukejdp9qrvw6punu>
2025-08-11,Google Alert - Lo-Fi,https://www.google.com/url?rct=j&sa=t&url=http://www.msn.com/en-us/tv/news/disney-and-iam8bit-team-up-for-a-lo-fi-gravity-falls-vinyl/ar-AA1HM6vK%3Fapiversion%3Dv2%26noservercache%3D1%26domshim%3D1%26renderwebcomponents%3D1%26wcseo%3D1%26batchservertelemetry%3D1%26noservertelemetry%3D1&ct=ga&cd=CAEYACoUMTY4MzI4Mjc5OTgxOTcxMDQ1NzcyGjI5OWVmNjc3NDNjODE2NjA6Y29tOmVuOlVT&usg=AOvVaw3kGuuuukEjdP9qRvw6PuNU>,"=== News - 10 new results for [Lo-Fi] ===
 
 Disney And iam8bit Team Up For A Lo-Fi 'Gravity Falls' Vinyl - MSN
 MSN
 Following the Grammy-nominated Gravity Falls vinyl, iam8bit and Disney have
 teame",Google Alert,lo-fi,pending,,70,#StudioRichCore,https://www.google.com/url?rct=j&sa=t&url=http://www.msn.com/en-us/tv/news/disney-and-iam8bit-team-up-for-a-lo-fi-gravity-falls-vinyl/ar-aa1hm6vk%3fapiversion%3dv2%26noservercache%3d1%26domshim%3d1%26renderwebcomponents%3d1%26wcseo%3d1%26batchservertelemetry%3d1%26noservertelemetry%3d1&ct=ga&cd=caeyacoumty4mzi4mjc5otgxotcxmdq1nzcygji5owvmnjc3ndnjode2nja6y29tomvuolvt&usg=aovvaw3kguuuukejdp9qrvw6punu>
2025-08-12,Google Alert - Lofi,https://sonicstate.com/news/2025/07/17/free-lo-fi-acoustic-guitar-instrument,"=== News - 10 new results for [Lofi] ===
",Google Alert,lofi,pending,,50,,https://sonicstate.com/news/2025/07/17/free-lo-fi-acoustic-guitar-instrument
2025-08-12,Google Alert - Lofi,https://kottke.org/25/07/0047112-how-ai-wreaked-havoc-on,"=== News - 10 new results for [Lofi] ===
",Google Alert,lofi,pending,,50,,https://kottke.org/25/07/0047112-how-ai-wreaked-havoc-on
2025-08-12,Google Alert - Lofi,https://www.youtube.com/watch?v=n67L1Mci3ps,"=== News - 10 new results for [Lofi] ===
",Google Alert,lofi,pending,,50,,https://www.youtube.com/watch?v=n67l1mci3ps
2025-08-12,Google Alert - Lofi,https://www.tctimes.com/local-events/?_evDiscoveryPath=/event/107072063n-kelsey-at-lofi,"=== News - 10 new results for [Lofi] ===
",Google Alert,lofi,pending,,50,,https://www.tctimes.com/local-events/?_evdiscoverypath=/event/107072063n-kelsey-at-lofi
2025-08-12,Google Alert - Lofi,https://www.filmibeat.com/bollywood/viral/2025/fans-relive-the-magic-of-seerat-kapoor-s-voice-with-the-new-lofi-version-of-her-debut-song-as-singer-470163.html,"=== News - 10 new results for [Lofi] ===
",Google Alert,lofi,pending,,50,,https://www.filmibeat.com/bollywood/viral/2025/fans-relive-the-magic-of-seerat-kapoor-s-voice-with-the-new-lofi-version-of-her-debut-song-as-singer-470163.html
2025-08-12,Google Alert - Lofi,https://pixelkin.org/2025/07/17/chill-music-game-spirit-city-is-hitting-the-road-er-rails-with-new-dlc/,"=== News - 10 new results for [Lofi] ===
",Google Alert,lofi,pending,,50,,https://pixelkin.org/2025/07/17/chill-music-game-spirit-city-is-hitting-the-road-er-rails-with-new-dlc/
2025-08-12,Google Alert - Lofi,https://www.ainvest.com/news/moonbull-whitelist-nears-full-capacity-driving-urgency-traders-2507/,"=== News - 10 new results for [Lofi] ===
",Google Alert,lofi,pending,,50,,https://www.ainvest.com/news/moonbull-whitelist-nears-full-capacity-driving-urgency-traders-2507/
2025-08-12,Google Alert - Lofi,https://www.msn.com/en-us/music/news/kenyas-star-tops-spotify-global-chart-as-local-artists-break-borders/ar-AA1IMsF1,"=== News - 10 new results for [Lofi] ===
",Google Alert,lofi,pending,,50,,https://www.msn.com/en-us/music/news/kenyas-star-tops-spotify-global-chart-as-local-artists-break-borders/ar-aa1imsf1
2025-08-12,Google Alert - Lofi,https://pitchfork.com/thepitch/the-battle-to-save-the-soul-of-city-pop-from-ai/,"=== News - 10 new results for [Lofi] ===
",Google Alert,lofi,pending,,50,,https://pitchfork.com/thepitch/the-battle-to-save-the-soul-of-city-pop-from-ai/
2025-08-12,Google Alert - Lofi,https://www.backseatmafia.com/track-video-pussy-heaven-unveil-new-single-lily-with-lo-fi-ode-to-johannesburg/,"=== News - 10 new results for [Lofi] ===
",Google Alert,lofi,pending,,50,,https://www.backseatmafia.com/track-video-pussy-heaven-unveil-new-single-lily-with-lo-fi-ode-to-johannesburg/
2025-08-12,Google Alert - Lo-Fi,https://routenote.com/radar/aso-driving-a-warm-and-introspective-lo-fi-instrumental/,"=== News - 10 new results for [Lo-Fi] ===
",Google Alert,lofi,pending,,70,#StudioRichCore,https://routenote.com/radar/aso-driving-a-warm-and-introspective-lo-fi-instrumental/
2025-08-12,Google Alert - Lo-Fi,https://www.nag.co.za/2025/07/21/lo-fi-feels-and-lotus-vibes-bo-path-of-the-teal-lotus-drops-a-free-chill-ep/,"=== News - 10 new results for [Lo-Fi] ===
",Google Alert,lofi,pending,,70,#StudioRichCore,https://www.nag.co.za/2025/07/21/lo-fi-feels-and-lotus-vibes-bo-path-of-the-teal-lotus-drops-a-free-chill-ep/
2025-08-12,Google Alert - Lo-Fi,https://www.ainvest.com/news/stealthex-partners-lofi-100-giveaway-2507/,"=== News - 10 new results for [Lo-Fi] ===
",Google Alert,lofi,pending,,70,#StudioRichCore,https://www.ainvest.com/news/stealthex-partners-lofi-100-giveaway-2507/
2025-08-12,Google Alert - Lo-Fi,https://www.ainvest.com/news/stealthex-partners-lofi-100-giveaway-2507/,"=== News - 10 new results for [Lo-Fi] ===
",Google Alert,lofi,pending,,70,#StudioRichCore,https://www.ainvest.com/news/stealthex-partners-lofi-100-giveaway-2507/
2025-08-12,Google Alert - Lo-Fi,https://www.recordoftheday.com/record-of-the-day/2025-07-21/miracle2025,"=== News - 10 new results for [Lo-Fi] ===
",Google Alert,lofi,pending,,70,#StudioRichCore,https://www.recordoftheday.com/record-of-the-day/2025-07-21/miracle2025
2025-08-12,Google Alert - Lo-Fi,https://everythingisnoise.net/weekly-featured-artist/wfa-indifferent-engine/,"=== News - 10 new results for [Lo-Fi] ===
",Google Alert,lofi,pending,,70,#StudioRichCore,https://everythingisnoise.net/weekly-featured-artist/wfa-indifferent-engine/
2025-08-12,Google Alert - Lo-Fi,https://www.youtube.com/watch?v=PD0ZqGe591I,"=== News - 10 new results for [Lo-Fi] ===
",Google Alert,lofi,pending,,70,#StudioRichCore,https://www.youtube.com/watch?v=pd0zqge591i
2025-08-12,Google Alert - Lo-Fi,https://chaoszine.net/oli-sykes-and-alissic-share-the-names-and-a-photo-of-their-children/,"=== News - 10 new results for [Lo-Fi] ===
",Google Alert,lofi,pending,,70,#StudioRichCore,https://chaoszine.net/oli-sykes-and-alissic-share-the-names-and-a-photo-of-their-children/
2025-08-12,Google Alert - Lo-Fi,https://menafn.com/1109825763/Internet-music-known-for-its-soft-playful-often-ironic-tone,"=== News - 10 new results for [Lo-Fi] ===
",Google Alert,lofi,pending,,70,#StudioRichCore,https://menafn.com/1109825763/internet-music-known-for-its-soft-playful-often-ironic-tone
2025-08-12,Google Alert - Lo-Fi,https://menafn.com/1109825763/Internet-music-known-for-its-soft-playful-often-ironic-tone,"=== News - 10 new results for [Lo-Fi] ===
",Google Alert,lofi,pending,,70,#StudioRichCore,https://menafn.com/1109825763/internet-music-known-for-its-soft-playful-often-ironic-tone
2025-08-12,Google Alert - Lofi,https://earmilk.com/2025/07/21/t-m-shares-lo-fi-heartbreak-anthem-sadderday/,"=== News - 9 new results for [Lofi] ===
",Google Alert,lofi,pending,,50,,https://earmilk.com/2025/07/21/t-m-shares-lo-fi-heartbreak-anthem-sadderday/
2025-08-12,Google Alert - Lofi,https://www.ainvest.com/news/stealthex-partners-lofi-100-giveaway-2507/,"=== News - 9 new results for [Lofi] ===
",Google Alert,lofi,pending,,50,,https://www.ainvest.com/news/stealthex-partners-lofi-100-giveaway-2507/
2025-08-12,Google Alert - Lofi,https://www.ainvest.com/news/stealthex-partners-lofi-100-giveaway-2507/,"=== News - 9 new results for [Lofi] ===
",Google Alert,lofi,pending,,50,,https://www.ainvest.com/news/stealthex-partners-lofi-100-giveaway-2507/
2025-08-12,Google Alert - Lofi,https://www.castanet.net/pressroom/pressrelease.php?id=3137,"=== News - 9 new results for [Lofi] ===
",Google Alert,lofi,pending,,50,,https://www.castanet.net/pressroom/pressrelease.php?id=3137
2025-08-12,Google Alert - Lofi,https://www.youtube.com/watch?v=rlv3eptSUj0,"=== News - 9 new results for [Lofi] ===
",Google Alert,lofi,pending,,50,,https://www.youtube.com/watch?v=rlv3eptsuj0
2025-08-12,Google Alert - Lofi,https://www.pressreader.com/sri-lanka/daily-mirror-sri-lanka/20250722/282260966501072,"=== News - 9 new results for [Lofi] ===
",Google Alert,lofi,pending,,50,,https://www.pressreader.com/sri-lanka/daily-mirror-sri-lanka/20250722/282260966501072
2025-08-12,Google Alert - Lofi,https://menafn.com/1109825763/Internet-music-known-for-its-soft-playful-often-ironic-tone,"=== News - 9 new results for [Lofi] ===
",Google Alert,lofi,pending,,50,,https://menafn.com/1109825763/internet-music-known-for-its-soft-playful-often-ironic-tone
2025-08-12,Google Alert - Lofi,https://menafn.com/1109825763/Internet-music-known-for-its-soft-playful-often-ironic-tone,"=== News - 9 new results for [Lofi] ===
",Google Alert,lofi,pending,,50,,https://menafn.com/1109825763/internet-music-known-for-its-soft-playful-often-ironic-tone
2025-08-12,Google Alert - Lofi,https://cairoscene.com/Noise/Cairo-s-New-Wave-of-Indie-Bands,"=== News - 9 new results for [Lofi] ===
",Google Alert,lofi,pending,,50,,https://cairoscene.com/noise/cairo-s-new-wave-of-indie-bands
2025-08-12,Google Alert - Lofi,https://www.youtube.com/watch?v=SXySxLgCV-8,"=== News - 9 new results for [Lofi] ===
",Google Alert,lofi,pending,,50,,https://www.youtube.com/watch?v=sxysxlgcv-8
2025-08-12,Google Alert - Lofi,https://www.laughingplace.com/disney-entertainment/fantastic-four-mickey-lofi/,"=== News - 3 new results for [Lofi] ===
",Google Alert,lofi,pending,,50,,https://www.laughingplace.com/disney-entertainment/fantastic-four-mickey-lofi/
2025-08-12,Google Alert - Lofi,https://www.fanthatracks.com/news/film-music-tv/star-wars-lofi-power-of-two-from-star-wars-lofi-vol-5-visualizer-video/,"=== News - 8 new results for [Lofi] ===
",Google Alert,lofi,pending,,50,,https://www.fanthatracks.com/news/film-music-tv/star-wars-lofi-power-of-two-from-star-wars-lofi-vol-5-visualizer-video/
2025-08-12,Google Alert - Lofi,https://www.latestly.com/socially/social-viral/lofi-girl-has-graduated-iconic-animated-character-from-youtube-channel-announces-milestone-achievement-concluding-her-long-standing-depiction-of-perpetual-study-sessions-watch-video-7032405.html,"=== News - 8 new results for [Lofi] ===
",Google Alert,lofi,pending,,50,,https://www.latestly.com/socially/social-viral/lofi-girl-has-graduated-iconic-animated-character-from-youtube-channel-announces-milestone-achievement-concluding-her-long-standing-depiction-of-perpetual-study-sessions-watch-video-7032405.html
2025-08-12,Google Alert - Lofi,https://brooklynrail.org/2025/07/artseen/daniel-johnston-i-think-i-draw-i-am/,"=== News - 8 new results for [Lofi] ===
",Google Alert,lofi,pending,,50,,https://brooklynrail.org/2025/07/artseen/daniel-johnston-i-think-i-draw-i-am/
2025-08-12,Google Alert - Lofi,https://ra.co/events/2225933,"=== News - 8 new results for [Lofi] ===
",Google Alert,lofi,pending,,50,,https://ra.co/events/2225933
2025-08-12,Google Alert - Lofi,https://vocal.media/beat/the-future-of-independent-music-in-2025-diy-decentralized-and-dominant,"=== News - 8 new results for [Lofi] ===
",Google Alert,lofi,pending,,50,,https://vocal.media/beat/the-future-of-independent-music-in-2025-diy-decentralized-and-dominant
2025-08-12,Google Alert - Lofi,https://www.fanthatracks.com/news/conventions-events/dorchester-strikes-back-2025-saturday-2nd-sunday-3rd-august-2025/,"=== News - 8 new results for [Lofi] ===
",Google Alert,lofi,pending,,50,,https://www.fanthatracks.com/news/conventions-events/dorchester-strikes-back-2025-saturday-2nd-sunday-3rd-august-2025/
2025-08-12,Google Alert - Lo-Fi,https://www.eonline.com/news/1420565/youtubes-lofi-girl-graduates-after-studying-for-7-years,"=== News - 10 new results for [Lo-Fi] ===
",Google Alert,lofi,pending,,70,#StudioRichCore,https://www.eonline.com/news/1420565/youtubes-lofi-girl-graduates-after-studying-for-7-years
2025-08-12,Google Alert - Lo-Fi,https://www.eonline.com/news/1420565/youtubes-lofi-girl-graduates-after-studying-for-7-years,"=== News - 10 new results for [Lo-Fi] ===
",Google Alert,lofi,pending,,70,#StudioRichCore,https://www.eonline.com/news/1420565/youtubes-lofi-girl-graduates-after-studying-for-7-years
2025-08-12,Google Alert - Lo-Fi,https://www.straitstimes.com/life/entertainment/youtubes-lofi-girl-finally-finishes-homework-and-graduates-after-8-years,"=== News - 10 new results for [Lo-Fi] ===
",Google Alert,lofi,pending,,70,#StudioRichCore,https://www.straitstimes.com/life/entertainment/youtubes-lofi-girl-finally-finishes-homework-and-graduates-after-8-years
2025-08-12,Google Alert - Lo-Fi,https://www.straitstimes.com/life/entertainment/youtubes-lofi-girl-finally-finishes-homework-and-graduates-after-8-years,"=== News - 10 new results for [Lo-Fi] ===
",Google Alert,lofi,pending,,70,#StudioRichCore,https://www.straitstimes.com/life/entertainment/youtubes-lofi-girl-finally-finishes-homework-and-graduates-after-8-years
2025-08-12,Google Alert - Lo-Fi,https://www.yahoo.com/entertainment/articles/lofi-girl-youtube-iconic-study-090544829.html,"=== News - 10 new results for [Lo-Fi] ===
",Google Alert,lofi,pending,,70,#StudioRichCore,https://www.yahoo.com/entertainment/articles/lofi-girl-youtube-iconic-study-090544829.html
2025-08-12,Google Alert - Lo-Fi,https://www.yahoo.com/entertainment/articles/lofi-girl-youtube-iconic-study-090544829.html,"=== News - 10 new results for [Lo-Fi] ===
",Google Alert,lofi,pending,,70,#StudioRichCore,https://www.yahoo.com/entertainment/articles/lofi-girl-youtube-iconic-study-090544829.html
2025-08-12,Google Alert - Lo-Fi,https://toonado.com/television/lofi-girl-announces-that-she-has-finally-graduated-a9926,"=== News - 10 new results for [Lo-Fi] ===
",Google Alert,lofi,pending,,70,#StudioRichCore,https://toonado.com/television/lofi-girl-announces-that-she-has-finally-graduated-a9926
2025-08-12,Google Alert - Lo-Fi,https://toonado.com/television/lofi-girl-announces-that-she-has-finally-graduated-a9926,"=== News - 10 new results for [Lo-Fi] ===
",Google Alert,lofi,pending,,70,#StudioRichCore,https://toonado.com/television/lofi-girl-announces-that-she-has-finally-graduated-a9926
2025-08-12,Google Alert - Lo-Fi,https://www.malaymail.com/news/life/2025/07/31/lofi-girl-finally-graduates-after-seven-years-of-non-stop-studying/185984,"=== News - 10 new results for [Lo-Fi] ===
",Google Alert,lofi,pending,,70,#StudioRichCore,https://www.malaymail.com/news/life/2025/07/31/lofi-girl-finally-graduates-after-seven-years-of-non-stop-studying/185984
2025-08-12,Google Alert - Lo-Fi,https://www.malaymail.com/news/life/2025/07/31/lofi-girl-finally-graduates-after-seven-years-of-non-stop-studying/185984,"=== News - 10 new results for [Lo-Fi] ===
",Google Alert,lofi,pending,,70,#StudioRichCore,https://www.malaymail.com/news/life/2025/07/31/lofi-girl-finally-graduates-after-seven-years-of-non-stop-studying/185984
2025-08-12,Google Alert - Lo-Fi,https://tribune.com.pk/story/2558838/who-is-lofi-girl-youtubes-iconic-study-streamer-graduates-after-7-years-of-non-stop-studying,"=== News - 10 new results for [Lo-Fi] ===
",Google Alert,lofi,pending,,70,#StudioRichCore,https://tribune.com.pk/story/2558838/who-is-lofi-girl-youtubes-iconic-study-streamer-graduates-after-7-years-of-non-stop-studying
2025-08-12,Google Alert - Lo-Fi,https://tribune.com.pk/story/2558838/who-is-lofi-girl-youtubes-iconic-study-streamer-graduates-after-7-years-of-non-stop-studying,"=== News - 10 new results for [Lo-Fi] ===
",Google Alert,lofi,pending,,70,#StudioRichCore,https://tribune.com.pk/story/2558838/who-is-lofi-girl-youtubes-iconic-study-streamer-graduates-after-7-years-of-non-stop-studying
2025-08-12,Google Alert - Lo-Fi,https://billboardphilippines.com/culture/lifestyle/youtubes-lofi-girl-finally-graduates-after-8-years/,"=== News - 10 new results for [Lo-Fi] ===
",Google Alert,lofi,pending,,70,#StudioRichCore,https://billboardphilippines.com/culture/lifestyle/youtubes-lofi-girl-finally-graduates-after-8-years/
2025-08-12,Google Alert - Lo-Fi,https://billboardphilippines.com/culture/lifestyle/youtubes-lofi-girl-finally-graduates-after-8-years/,"=== News - 10 new results for [Lo-Fi] ===
",Google Alert,lofi,pending,,70,#StudioRichCore,https://billboardphilippines.com/culture/lifestyle/youtubes-lofi-girl-finally-graduates-after-8-years/
2025-08-12,Google Alert - Lo-Fi,https://www.youtube.com/watch?v=rvbk7Cu-Jkw,"=== News - 10 new results for [Lo-Fi] ===
",Google Alert,lofi,pending,,70,#StudioRichCore,https://www.youtube.com/watch?v=rvbk7cu-jkw
2025-08-12,Google Alert - Lo-Fi,https://www.youtube.com/watch?v=rvbk7Cu-Jkw,"=== News - 10 new results for [Lo-Fi] ===
",Google Alert,lofi,pending,,70,#StudioRichCore,https://www.youtube.com/watch?v=rvbk7cu-jkw
2025-08-12,Google Alert - Lo-Fi,https://www.soapcentral.com/pop-culture/news-1-who-person-behind-lofi-girl-details-explored-youtuber-announces-graduation-7-years-studying,"=== News - 10 new results for [Lo-Fi] ===
",Google Alert,lofi,pending,,70,#StudioRichCore,https://www.soapcentral.com/pop-culture/news-1-who-person-behind-lofi-girl-details-explored-youtuber-announces-graduation-7-years-studying
2025-08-12,Google Alert - Lo-Fi,https://www.soapcentral.com/pop-culture/news-1-who-person-behind-lofi-girl-details-explored-youtuber-announces-graduation-7-years-studying,"=== News - 10 new results for [Lo-Fi] ===
",Google Alert,lofi,pending,,70,#StudioRichCore,https://www.soapcentral.com/pop-culture/news-1-who-person-behind-lofi-girl-details-explored-youtuber-announces-graduation-7-years-studying
2025-08-12,Google Alert - Lo-Fi,https://www.primetimer.com/features/who-is-lofi-girl-viral-posts-youtuber-graduated-7-years-flood-social-media,"=== News - 10 new results for [Lo-Fi] ===
",Google Alert,lofi,pending,,70,#StudioRichCore,https://www.primetimer.com/features/who-is-lofi-girl-viral-posts-youtuber-graduated-7-years-flood-social-media
2025-08-12,Google Alert - Lofi,https://www.eonline.com/news/1420565/youtubes-lofi-girl-graduates-after-studying-for-7-years,"=== News - 10 new results for [Lofi] ===
",Google Alert,lofi,pending,,50,,https://www.eonline.com/news/1420565/youtubes-lofi-girl-graduates-after-studying-for-7-years
2025-08-12,Google Alert - Lofi,https://www.eonline.com/news/1420565/youtubes-lofi-girl-graduates-after-studying-for-7-years,"=== News - 10 new results for [Lofi] ===
",Google Alert,lofi,pending,,50,,https://www.eonline.com/news/1420565/youtubes-lofi-girl-graduates-after-studying-for-7-years
2025-08-12,Google Alert - Lofi,https://www.straitstimes.com/life/entertainment/youtubes-lofi-girl-finally-finishes-homework-and-graduates-after-8-years,"=== News - 10 new results for [Lofi] ===
",Google Alert,lofi,pending,,50,,https://www.straitstimes.com/life/entertainment/youtubes-lofi-girl-finally-finishes-homework-and-graduates-after-8-years
2025-08-12,Google Alert - Lofi,https://www.straitstimes.com/life/entertainment/youtubes-lofi-girl-finally-finishes-homework-and-graduates-after-8-years,"=== News - 10 new results for [Lofi] ===
",Google Alert,lofi,pending,,50,,https://www.straitstimes.com/life/entertainment/youtubes-lofi-girl-finally-finishes-homework-and-graduates-after-8-years
2025-08-12,Google Alert - Lofi,https://toonado.com/television/lofi-girl-announces-that-she-has-finally-graduated-a9926,"=== News - 10 new results for [Lofi] ===
",Google Alert,lofi,pending,,50,,https://toonado.com/television/lofi-girl-announces-that-she-has-finally-graduated-a9926
2025-08-12,Google Alert - Lofi,https://toonado.com/television/lofi-girl-announces-that-she-has-finally-graduated-a9926,"=== News - 10 new results for [Lofi] ===
",Google Alert,lofi,pending,,50,,https://toonado.com/television/lofi-girl-announces-that-she-has-finally-graduated-a9926
2025-08-12,Google Alert - Lofi,https://www.malaymail.com/news/life/2025/07/31/lofi-girl-finally-graduates-after-seven-years-of-non-stop-studying/185984,"=== News - 10 new results for [Lofi] ===
",Google Alert,lofi,pending,,50,,https://www.malaymail.com/news/life/2025/07/31/lofi-girl-finally-graduates-after-seven-years-of-non-stop-studying/185984
2025-08-12,Google Alert - Lofi,https://www.malaymail.com/news/life/2025/07/31/lofi-girl-finally-graduates-after-seven-years-of-non-stop-studying/185984,"=== News - 10 new results for [Lofi] ===
",Google Alert,lofi,pending,,50,,https://www.malaymail.com/news/life/2025/07/31/lofi-girl-finally-graduates-after-seven-years-of-non-stop-studying/185984
2025-08-12,Google Alert - Lofi,https://www.yahoo.com/entertainment/articles/lofi-girl-youtube-iconic-study-090544829.html,"=== News - 10 new results for [Lofi] ===
",Google Alert,lofi,pending,,50,,https://www.yahoo.com/entertainment/articles/lofi-girl-youtube-iconic-study-090544829.html
2025-08-12,Google Alert - Lofi,https://www.yahoo.com/entertainment/articles/lofi-girl-youtube-iconic-study-090544829.html,"=== News - 10 new results for [Lofi] ===
",Google Alert,lofi,pending,,50,,https://www.yahoo.com/entertainment/articles/lofi-girl-youtube-iconic-study-090544829.html
2025-08-12,Google Alert - Lofi,https://www.youtube.com/watch?v=rvbk7Cu-Jkw,"=== News - 10 new results for [Lofi] ===
",Google Alert,lofi,pending,,50,,https://www.youtube.com/watch?v=rvbk7cu-jkw
2025-08-12,Google Alert - Lofi,https://www.youtube.com/watch?v=rvbk7Cu-Jkw,"=== News - 10 new results for [Lofi] ===
",Google Alert,lofi,pending,,50,,https://www.youtube.com/watch?v=rvbk7cu-jkw
2025-08-12,Google Alert - Lofi,https://billboardphilippines.com/culture/lifestyle/youtubes-lofi-girl-finally-graduates-after-8-years/,"=== News - 10 new results for [Lofi] ===
",Google Alert,lofi,pending,,50,,https://billboardphilippines.com/culture/lifestyle/youtubes-lofi-girl-finally-graduates-after-8-years/
2025-08-12,Google Alert - Lofi,https://billboardphilippines.com/culture/lifestyle/youtubes-lofi-girl-finally-graduates-after-8-years/,"=== News - 10 new results for [Lofi] ===
",Google Alert,lofi,pending,,50,,https://billboardphilippines.com/culture/lifestyle/youtubes-lofi-girl-finally-graduates-after-8-years/
2025-08-12,Google Alert - Lofi,https://tribune.com.pk/story/2558838/who-is-lofi-girl-youtubes-iconic-study-streamer-graduates-after-7-years-of-non-stop-studying,"=== News - 10 new results for [Lofi] ===
",Google Alert,lofi,pending,,50,,https://tribune.com.pk/story/2558838/who-is-lofi-girl-youtubes-iconic-study-streamer-graduates-after-7-years-of-non-stop-studying
2025-08-12,Google Alert - Lofi,https://tribune.com.pk/story/2558838/who-is-lofi-girl-youtubes-iconic-study-streamer-graduates-after-7-years-of-non-stop-studying,"=== News - 10 new results for [Lofi] ===
",Google Alert,lofi,pending,,50,,https://tribune.com.pk/story/2558838/who-is-lofi-girl-youtubes-iconic-study-streamer-graduates-after-7-years-of-non-stop-studying
2025-08-12,Google Alert - Lofi,https://www.soapcentral.com/pop-culture/news-1-who-person-behind-lofi-girl-details-explored-youtuber-announces-graduation-7-years-studying,"=== News - 10 new results for [Lofi] ===
",Google Alert,lofi,pending,,50,,https://www.soapcentral.com/pop-culture/news-1-who-person-behind-lofi-girl-details-explored-youtuber-announces-graduation-7-years-studying
2025-08-12,Google Alert - Lofi,https://www.soapcentral.com/pop-culture/news-1-who-person-behind-lofi-girl-details-explored-youtuber-announces-graduation-7-years-studying,"=== News - 10 new results for [Lofi] ===
",Google Alert,lofi,pending,,50,,https://www.soapcentral.com/pop-culture/news-1-who-person-behind-lofi-girl-details-explored-youtuber-announces-graduation-7-years-studying
2025-08-12,Google Alert - Lofi,https://esports.gg/news/league-of-legends/spirit-blossom-springs-lofi-remix-ep-now-available-on-spotify/,"=== News - 10 new results for [Lofi] ===
",Google Alert,lofi,pending,,50,,https://esports.gg/news/league-of-legends/spirit-blossom-springs-lofi-remix-ep-now-available-on-spotify/
2025-08-12,Google Alert - Lo-Fi,https://thehustle.co/news/this-ai-device-lets-you-watch-your-dreams-as-lo-fi-movies,"=== News - 10 new results for [Lo-Fi] ===
",Google Alert,lofi,pending,,70,#StudioRichCore,https://thehustle.co/news/this-ai-device-lets-you-watch-your-dreams-as-lo-fi-movies
2025-08-12,Google Alert - Lo-Fi,https://thehustle.co/news/this-ai-device-lets-you-watch-your-dreams-as-lo-fi-movies,"=== News - 10 new results for [Lo-Fi] ===
",Google Alert,lofi,pending,,70,#StudioRichCore,https://thehustle.co/news/this-ai-device-lets-you-watch-your-dreams-as-lo-fi-movies
2025-08-12,Google Alert - Lo-Fi,https://vocal.media/humans/lofi-girl-graduates-after-eight-years-of-eternal-studying,"=== News - 10 new results for [Lo-Fi] ===
",Google Alert,lofi,pending,,70,#StudioRichCore,https://vocal.media/humans/lofi-girl-graduates-after-eight-years-of-eternal-studying
2025-08-12,Google Alert - Lo-Fi,https://vocal.media/humans/lofi-girl-graduates-after-eight-years-of-eternal-studying,"=== News - 10 new results for [Lo-Fi] ===
",Google Alert,lofi,pending,,70,#StudioRichCore,https://vocal.media/humans/lofi-girl-graduates-after-eight-years-of-eternal-studying
2025-08-12,Google Alert - Lo-Fi,https://mezha.net/eng/bukvy/lofi-girl-has-graduated-the-story-and-impact-of-the-popular-youtube-channel/,"=== News - 10 new results for [Lo-Fi] ===
",Google Alert,lofi,pending,,70,#StudioRichCore,https://mezha.net/eng/bukvy/lofi-girl-has-graduated-the-story-and-impact-of-the-popular-youtube-channel/
2025-08-12,Google Alert - Lo-Fi,https://mezha.net/eng/bukvy/lofi-girl-has-graduated-the-story-and-impact-of-the-popular-youtube-channel/,"=== News - 10 new results for [Lo-Fi] ===
",Google Alert,lofi,pending,,70,#StudioRichCore,https://mezha.net/eng/bukvy/lofi-girl-has-graduated-the-story-and-impact-of-the-popular-youtube-channel/
2025-08-12,Google Alert - Lo-Fi,https://www.premierguitar.com/pro-advice/the-good-stuff/dave-grohl-gas-can-amp,"=== News - 10 new results for [Lo-Fi] ===
",Google Alert,lofi,pending,,70,#StudioRichCore,https://www.premierguitar.com/pro-advice/the-good-stuff/dave-grohl-gas-can-amp
2025-08-12,Google Alert - Lo-Fi,https://inshorts.com/en/amp_news/youtube-s-study-streamer-lofi-girl-announces-her-graduation-after-7-years--1753974716297,"=== News - 10 new results for [Lo-Fi] ===
",Google Alert,lofi,pending,,70,#StudioRichCore,https://inshorts.com/en/amp_news/youtube-s-study-streamer-lofi-girl-announces-her-graduation-after-7-years--1753974716297
2025-08-12,Google Alert - Lo-Fi,https://inshorts.com/en/amp_news/youtube-s-study-streamer-lofi-girl-announces-her-graduation-after-7-years--1753974716297,"=== News - 10 new results for [Lo-Fi] ===
",Google Alert,lofi,pending,,70,#StudioRichCore,https://inshorts.com/en/amp_news/youtube-s-study-streamer-lofi-girl-announces-her-graduation-after-7-years--1753974716297
2025-08-12,Google Alert - Lo-Fi,https://www.distractify.com/p/who-runs-lofi-girl,"=== News - 10 new results for [Lo-Fi] ===
",Google Alert,lofi,pending,,70,#StudioRichCore,https://www.distractify.com/p/who-runs-lofi-girl
2025-08-12,Google Alert - Lo-Fi,https://www.distractify.com/p/who-runs-lofi-girl,"=== News - 10 new results for [Lo-Fi] ===
",Google Alert,lofi,pending,,70,#StudioRichCore,https://www.distractify.com/p/who-runs-lofi-girl
2025-08-12,Google Alert - Lo-Fi,https://www.arlnow.com/2025/07/31/aims-website-and-radio-station-go-dark-though-leaders-arent-sure-why/,"=== News - 10 new results for [Lo-Fi] ===
",Google Alert,lofi,pending,,70,#StudioRichCore,https://www.arlnow.com/2025/07/31/aims-website-and-radio-station-go-dark-though-leaders-arent-sure-why/
2025-08-12,Google Alert - Lo-Fi,https://www.msn.com/en-us/news/technology/youtubes-lofi-girl-graduates-after-studying-for-7-years/ar-AA1JCnR4,"=== News - 10 new results for [Lo-Fi] ===
",Google Alert,lofi,pending,,70,#StudioRichCore,https://www.msn.com/en-us/news/technology/youtubes-lofi-girl-graduates-after-studying-for-7-years/ar-aa1jcnr4
2025-08-12,Google Alert - Lo-Fi,https://www.msn.com/en-us/news/technology/youtubes-lofi-girl-graduates-after-studying-for-7-years/ar-AA1JCnR4,"=== News - 10 new results for [Lo-Fi] ===
",Google Alert,lofi,pending,,70,#StudioRichCore,https://www.msn.com/en-us/news/technology/youtubes-lofi-girl-graduates-after-studying-for-7-years/ar-aa1jcnr4
2025-08-12,Google Alert - Lo-Fi,https://www.newjerseystage.com/articles2/2025/07/31/echo-plum-releases-feels-like-home/,"=== News - 10 new results for [Lo-Fi] ===
",Google Alert,lofi,pending,,70,#StudioRichCore,https://www.newjerseystage.com/articles2/2025/07/31/echo-plum-releases-feels-like-home/
2025-08-12,Google Alert - Lofi,https://vocal.media/humans/lofi-girl-graduates-after-eight-years-of-eternal-studying,"=== News - 10 new results for [Lofi] ===
",Google Alert,lofi,pending,,50,,https://vocal.media/humans/lofi-girl-graduates-after-eight-years-of-eternal-studying
2025-08-12,Google Alert - Lofi,https://vocal.media/humans/lofi-girl-graduates-after-eight-years-of-eternal-studying,"=== News - 10 new results for [Lofi] ===
",Google Alert,lofi,pending,,50,,https://vocal.media/humans/lofi-girl-graduates-after-eight-years-of-eternal-studying
2025-08-12,Google Alert - Lofi,https://www.channelnewsasia.com/trending/lofi-girl-graduates-after-8-years-done-studying-5271376,"=== News - 10 new results for [Lofi] ===
",Google Alert,lofi,pending,,50,,https://www.channelnewsasia.com/trending/lofi-girl-graduates-after-8-years-done-studying-5271376
2025-08-12,Google Alert - Lofi,https://www.channelnewsasia.com/trending/lofi-girl-graduates-after-8-years-done-studying-5271376,"=== News - 10 new results for [Lofi] ===
",Google Alert,lofi,pending,,50,,https://www.channelnewsasia.com/trending/lofi-girl-graduates-after-8-years-done-studying-5271376
2025-08-12,Google Alert - Lofi,https://www.socialketchup.in/pop-culture/lofi-girl-gradutated-9614325,"=== News - 10 new results for [Lofi] ===
",Google Alert,lofi,pending,,50,,https://www.socialketchup.in/pop-culture/lofi-girl-gradutated-9614325
2025-08-12,Google Alert - Lofi,https://www.socialketchup.in/pop-culture/lofi-girl-gradutated-9614325,"=== News - 10 new results for [Lofi] ===
",Google Alert,lofi,pending,,50,,https://www.socialketchup.in/pop-culture/lofi-girl-gradutated-9614325
2025-08-12,Google Alert - Lofi,https://mezha.net/eng/bukvy/lofi-girl-has-graduated-the-story-and-impact-of-the-popular-youtube-channel/,"=== News - 10 new results for [Lofi] ===
",Google Alert,lofi,pending,,50,,https://mezha.net/eng/bukvy/lofi-girl-has-graduated-the-story-and-impact-of-the-popular-youtube-channel/
2025-08-12,Google Alert - Lofi,https://mezha.net/eng/bukvy/lofi-girl-has-graduated-the-story-and-impact-of-the-popular-youtube-channel/,"=== News - 10 new results for [Lofi] ===
",Google Alert,lofi,pending,,50,,https://mezha.net/eng/bukvy/lofi-girl-has-graduated-the-story-and-impact-of-the-popular-youtube-channel/
2025-08-12,Google Alert - Lofi,https://inshorts.com/en/amp_news/youtube-s-study-streamer-lofi-girl-announces-her-graduation-after-7-years--1753974716297,"=== News - 10 new results for [Lofi] ===
",Google Alert,lofi,pending,,50,,https://inshorts.com/en/amp_news/youtube-s-study-streamer-lofi-girl-announces-her-graduation-after-7-years--1753974716297
2025-08-12,Google Alert - Lofi,https://inshorts.com/en/amp_news/youtube-s-study-streamer-lofi-girl-announces-her-graduation-after-7-years--1753974716297,"=== News - 10 new results for [Lofi] ===
",Google Alert,lofi,pending,,50,,https://inshorts.com/en/amp_news/youtube-s-study-streamer-lofi-girl-announces-her-graduation-after-7-years--1753974716297
2025-08-12,Google Alert - Lofi,https://thehustle.co/news/this-ai-device-lets-you-watch-your-dreams-as-lo-fi-movies,"=== News - 10 new results for [Lofi] ===
",Google Alert,lofi,pending,,50,,https://thehustle.co/news/this-ai-device-lets-you-watch-your-dreams-as-lo-fi-movies
2025-08-12,Google Alert - Lofi,https://thehustle.co/news/this-ai-device-lets-you-watch-your-dreams-as-lo-fi-movies,"=== News - 10 new results for [Lofi] ===
",Google Alert,lofi,pending,,50,,https://thehustle.co/news/this-ai-device-lets-you-watch-your-dreams-as-lo-fi-movies
2025-08-12,Google Alert - Lofi,https://www.distractify.com/p/lofi-girl-graduated,"=== News - 10 new results for [Lofi] ===
",Google Alert,lofi,pending,,50,,https://www.distractify.com/p/lofi-girl-graduated
2025-08-12,Google Alert - Lofi,https://www.msn.com/en-us/news/technology/youtubes-lofi-girl-graduates-after-studying-for-7-years/ar-AA1JCnR4,"=== News - 10 new results for [Lofi] ===
",Google Alert,lofi,pending,,50,,https://www.msn.com/en-us/news/technology/youtubes-lofi-girl-graduates-after-studying-for-7-years/ar-aa1jcnr4
2025-08-12,Google Alert - Lofi,https://www.msn.com/en-us/news/technology/youtubes-lofi-girl-graduates-after-studying-for-7-years/ar-AA1JCnR4,"=== News - 10 new results for [Lofi] ===
",Google Alert,lofi,pending,,50,,https://www.msn.com/en-us/news/technology/youtubes-lofi-girl-graduates-after-studying-for-7-years/ar-aa1jcnr4
2025-08-12,Google Alert - Lofi,https://www.distractify.com/p/who-runs-lofi-girl,"=== News - 10 new results for [Lofi] ===
",Google Alert,lofi,pending,,50,,https://www.distractify.com/p/who-runs-lofi-girl
2025-08-12,Google Alert - Lofi,https://www.distractify.com/p/who-runs-lofi-girl,"=== News - 10 new results for [Lofi] ===
",Google Alert,lofi,pending,,50,,https://www.distractify.com/p/who-runs-lofi-girl
2025-08-12,Google Alert - Lo-Fi,https://timesofindia.indiatimes.com/etimes/trending/after-8-years-the-lo-fi-girl-has-finally-graduated-and-the-internet-is-nostalgic/articleshow/123051163.cms,"=== News - 10 new results for [Lo-Fi] ===
",Google Alert,lofi,pending,,70,#StudioRichCore,https://timesofindia.indiatimes.com/etimes/trending/after-8-years-the-lo-fi-girl-has-finally-graduated-and-the-internet-is-nostalgic/articleshow/123051163.cms
2025-08-12,Google Alert - Lo-Fi,https://www.channelnewsasia.com/trending/lofi-girl-graduates-after-8-years-done-studying-5271376,"=== News - 10 new results for [Lo-Fi] ===
",Google Alert,lofi,pending,,70,#StudioRichCore,https://www.channelnewsasia.com/trending/lofi-girl-graduates-after-8-years-done-studying-5271376
2025-08-12,Google Alert - Lo-Fi,https://www.channelnewsasia.com/trending/lofi-girl-graduates-after-8-years-done-studying-5271376,"=== News - 10 new results for [Lo-Fi] ===
",Google Alert,lofi,pending,,70,#StudioRichCore,https://www.channelnewsasia.com/trending/lofi-girl-graduates-after-8-years-done-studying-5271376
2025-08-12,Google Alert - Lo-Fi,https://www.tubefilter.com/2025/08/01/roundup-faze-clan-banks-lofi-girl-blippi/amp/,"=== News - 10 new results for [Lo-Fi] ===
",Google Alert,lofi,pending,,70,#StudioRichCore,https://www.tubefilter.com/2025/08/01/roundup-faze-clan-banks-lofi-girl-blippi/amp/
2025-08-12,Google Alert - Lo-Fi,https://www.thelineofbestfit.com/tracks/hether-falling-for-the-feeling,"=== News - 10 new results for [Lo-Fi] ===
",Google Alert,lofi,pending,,70,#StudioRichCore,https://www.thelineofbestfit.com/tracks/hether-falling-for-the-feeling
2025-08-12,Google Alert - Lo-Fi,http://www.msn.com/en-us/health/other/mother-of-flies-review-the-adams-officially-arrive-as-americas-next-great-lo-fi-horror-family/ar-AA1JKP81?apiversion=v2&noservercache=1&domshim=1&renderwebcomponents=1&wcseo=1&batchservertelemetry=1&noservertelemetry=1,"=== News - 10 new results for [Lo-Fi] ===
",Google Alert,lofi,pending,,70,#StudioRichCore,http://www.msn.com/en-us/health/other/mother-of-flies-review-the-adams-officially-arrive-as-americas-next-great-lo-fi-horror-family/ar-aa1jkp81?apiversion=v2&noservercache=1&domshim=1&renderwebcomponents=1&wcseo=1&batchservertelemetry=1&noservertelemetry=1
2025-08-12,Google Alert - Lo-Fi,https://www.socialketchup.in/pop-culture/lofi-girl-gradutated-9614325,"=== News - 10 new results for [Lo-Fi] ===
",Google Alert,lofi,pending,,70,#StudioRichCore,https://www.socialketchup.in/pop-culture/lofi-girl-gradutated-9614325
2025-08-12,Google Alert - Lo-Fi,https://www.socialketchup.in/pop-culture/lofi-girl-gradutated-9614325,"=== News - 10 new results for [Lo-Fi] ===
",Google Alert,lofi,pending,,70,#StudioRichCore,https://www.socialketchup.in/pop-culture/lofi-girl-gradutated-9614325
2025-08-12,Google Alert - Lo-Fi,https://m.imdb.com/fr/news/ni65408752/?ref_=nwc_art_perm,"=== News - 10 new results for [Lo-Fi] ===
",Google Alert,lofi,pending,,70,#StudioRichCore,https://m.imdb.com/fr/news/ni65408752/?ref_=nwc_art_perm
2025-08-12,Google Alert - Lo-Fi,https://www.msn.com/en-in/news/other/after-8-years-the-lo-fi-girl-has-finally-graduated-and-the-internet-is-nostalgic/ar-AA1JKUzK,"=== News - 10 new results for [Lo-Fi] ===
",Google Alert,lofi,pending,,70,#StudioRichCore,https://www.msn.com/en-in/news/other/after-8-years-the-lo-fi-girl-has-finally-graduated-and-the-internet-is-nostalgic/ar-aa1jkuzk
2025-08-12,Google Alert - Lo-Fi,https://www.msn.com/en-in/news/other/after-8-years-the-lo-fi-girl-has-finally-graduated-and-the-internet-is-nostalgic/ar-AA1JKUzK,"=== News - 10 new results for [Lo-Fi] ===
",Google Alert,lofi,pending,,70,#StudioRichCore,https://www.msn.com/en-in/news/other/after-8-years-the-lo-fi-girl-has-finally-graduated-and-the-internet-is-nostalgic/ar-aa1jkuzk
2025-08-12,Google Alert - Lo-Fi,https://boingboing.net/2025/08/01/vinyl-lp-of-lo-fi-remixes-of-classic-konami-arcade-themes.html,"=== News - 10 new results for [Lo-Fi] ===
",Google Alert,lofi,pending,,70,#StudioRichCore,https://boingboing.net/2025/08/01/vinyl-lp-of-lo-fi-remixes-of-classic-konami-arcade-themes.html
2025-08-12,Google Alert - Lo-Fi,https://www.indiewire.com/criticism/movies/mother-of-flies-review-1235142396/,"=== News - 10 new results for [Lo-Fi] ===
",Google Alert,lofi,pending,,70,#StudioRichCore,https://www.indiewire.com/criticism/movies/mother-of-flies-review-1235142396/
2025-08-12,Google Alert - Lo-Fi,https://www.msn.com/en-us/music/news/vinyl-lp-of-lo-fi-remixes-of-classic-konami-arcade-themes/ar-AA1JJbf6,"=== News - 10 new results for [Lo-Fi] ===
",Google Alert,lofi,pending,,70,#StudioRichCore,https://www.msn.com/en-us/music/news/vinyl-lp-of-lo-fi-remixes-of-classic-konami-arcade-themes/ar-aa1jjbf6
2025-08-12,Google Alert - Lo-Fi,https://www.msn.com/en-us/music/news/vinyl-lp-of-lo-fi-remixes-of-classic-konami-arcade-themes/ar-AA1JJbf6,"=== News - 10 new results for [Lo-Fi] ===
",Google Alert,lofi,pending,,70,#StudioRichCore,https://www.msn.com/en-us/music/news/vinyl-lp-of-lo-fi-remixes-of-classic-konami-arcade-themes/ar-aa1jjbf6
2025-08-12,Google Alert - Lo-Fi,https://www.tcpalm.com/things-to-do/events/?_evDiscoveryPath=/event/107103499n-rohna-charleston-indie-night-at-lo-fi-brewing,"=== News - 10 new results for [Lo-Fi] ===
",Google Alert,lofi,pending,,70,#StudioRichCore,https://www.tcpalm.com/things-to-do/events/?_evdiscoverypath=/event/107103499n-rohna-charleston-indie-night-at-lo-fi-brewing
2025-08-12,Google Alert - Lo-Fi,https://www.tcpalm.com/things-to-do/events/?_evDiscoveryPath=/event/107103499n-rohna-charleston-indie-night-at-lo-fi-brewing,"=== News - 10 new results for [Lo-Fi] ===
",Google Alert,lofi,pending,,70,#StudioRichCore,https://www.tcpalm.com/things-to-do/events/?_evdiscoverypath=/event/107103499n-rohna-charleston-indie-night-at-lo-fi-brewing
2025-08-12,Google Alert - Lo-Fi,https://www.wnyc.org/story/esha-tewari-at-bowery-ballroom/,"=== News - 10 new results for [Lo-Fi] ===
",Google Alert,lofi,pending,,70,#StudioRichCore,https://www.wnyc.org/story/esha-tewari-at-bowery-ballroom/
2025-08-12,Google Alert - Lo-Fi,https://ca.news.yahoo.com/wasn-t-just-arctic-north-200000455.html,"=== News - 10 new results for [Lo-Fi] ===
",Google Alert,lofi,pending,,70,#StudioRichCore,https://ca.news.yahoo.com/wasn-t-just-arctic-north-200000455.html
2025-08-12,Google Alert - Lo-Fi,https://www.digitalcameraworld.com/photography/travel-photography/travellers-are-more-likely-to-trust-bad-photos-than-good-ones-survey-reveals,"=== News - 10 new results for [Lo-Fi] ===
",Google Alert,lofi,pending,,70,#StudioRichCore,https://www.digitalcameraworld.com/photography/travel-photography/travellers-are-more-likely-to-trust-bad-photos-than-good-ones-survey-reveals
2025-08-12,Google Alert - Lo-Fi,https://ca.news.yahoo.com/liam-neeson-ricky-gervais-clip-220000672.html,"=== News - 10 new results for [Lo-Fi] ===
",Google Alert,lofi,pending,,70,#StudioRichCore,https://ca.news.yahoo.com/liam-neeson-ricky-gervais-clip-220000672.html
2025-08-12,Google Alert - Lo-Fi,https://explosionnetwork.com/new-trailer-for-the-conjuring-last-rites-will-give-you-nightmares/,"=== News - 10 new results for [Lo-Fi] ===
",Google Alert,lofi,pending,,70,#StudioRichCore,https://explosionnetwork.com/new-trailer-for-the-conjuring-last-rites-will-give-you-nightmares/
2025-08-12,Google Alert - Lo-Fi,https://www.newindianexpress.com/magazine/2025/Aug/03/infrared-is-hot-not-the-way-you-think,"=== News - 10 new results for [Lo-Fi] ===
",Google Alert,lofi,pending,,70,#StudioRichCore,https://www.newindianexpress.com/magazine/2025/aug/03/infrared-is-hot-not-the-way-you-think
2025-08-12,Google Alert - Lo-Fi,https://www.indiewire.com/features/podcast/screen-talk-mubi-the-naked-gun-paramount-1235142316/,"=== News - 10 new results for [Lo-Fi] ===
",Google Alert,lofi,pending,,70,#StudioRichCore,https://www.indiewire.com/features/podcast/screen-talk-mubi-the-naked-gun-paramount-1235142316/
2025-08-12,Google Alert - Lo-Fi,https://www.indiatoday.in/visualstories/education/5-science-backed-ways-to-improve-focus-and-concentration-253152-03-08-2025,"=== News - 10 new results for [Lo-Fi] ===
",Google Alert,lofi,pending,,70,#StudioRichCore,https://www.indiatoday.in/visualstories/education/5-science-backed-ways-to-improve-focus-and-concentration-253152-03-08-2025
2025-08-12,Google Alert - Lofi,https://www.msn.com/en-us/music/news/vinyl-lp-of-lo-fi-remixes-of-classic-konami-arcade-themes/ar-AA1JJbf6,"=== News - 10 new results for [Lofi] ===
",Google Alert,lofi,pending,,50,,https://www.msn.com/en-us/music/news/vinyl-lp-of-lo-fi-remixes-of-classic-konami-arcade-themes/ar-aa1jjbf6
2025-08-12,Google Alert - Lofi,https://www.msn.com/en-us/music/news/vinyl-lp-of-lo-fi-remixes-of-classic-konami-arcade-themes/ar-AA1JJbf6,"=== News - 10 new results for [Lofi] ===
",Google Alert,lofi,pending,,50,,https://www.msn.com/en-us/music/news/vinyl-lp-of-lo-fi-remixes-of-classic-konami-arcade-themes/ar-aa1jjbf6
2025-08-12,Google Alert - Lofi,https://www.ainvest.com/news/moonbull-gains-momentum-shiba-inu-lofi-lose-ground-2508/,"=== News - 10 new results for [Lofi] ===
",Google Alert,lofi,pending,,50,,https://www.ainvest.com/news/moonbull-gains-momentum-shiba-inu-lofi-lose-ground-2508/
2025-08-12,Google Alert - Lofi,https://www.msn.com/en-in/news/other/after-8-years-the-lo-fi-girl-has-finally-graduated-and-the-internet-is-nostalgic/ar-AA1JKUzK,"=== News - 10 new results for [Lofi] ===
",Google Alert,lofi,pending,,50,,https://www.msn.com/en-in/news/other/after-8-years-the-lo-fi-girl-has-finally-graduated-and-the-internet-is-nostalgic/ar-aa1jkuzk
2025-08-12,Google Alert - Lofi,https://www.msn.com/en-in/news/other/after-8-years-the-lo-fi-girl-has-finally-graduated-and-the-internet-is-nostalgic/ar-AA1JKUzK,"=== News - 10 new results for [Lofi] ===
",Google Alert,lofi,pending,,50,,https://www.msn.com/en-in/news/other/after-8-years-the-lo-fi-girl-has-finally-graduated-and-the-internet-is-nostalgic/ar-aa1jkuzk
2025-08-12,Google Alert - Lofi,https://folhadoes.com/44d4066ecdd/649ab627-5yx6BWlEVcY,"=== News - 10 new results for [Lofi] ===
",Google Alert,lofi,pending,,50,,https://folhadoes.com/44d4066ecdd/649ab627-5yx6bwlevcy
2025-08-12,Google Alert - Lofi,https://www.tcpalm.com/things-to-do/events/?_evDiscoveryPath=/event/107103499n-rohna-charleston-indie-night-at-lo-fi-brewing,"=== News - 10 new results for [Lofi] ===
",Google Alert,lofi,pending,,50,,https://www.tcpalm.com/things-to-do/events/?_evdiscoverypath=/event/107103499n-rohna-charleston-indie-night-at-lo-fi-brewing
2025-08-12,Google Alert - Lofi,https://www.tcpalm.com/things-to-do/events/?_evDiscoveryPath=/event/107103499n-rohna-charleston-indie-night-at-lo-fi-brewing,"=== News - 10 new results for [Lofi] ===
",Google Alert,lofi,pending,,50,,https://www.tcpalm.com/things-to-do/events/?_evdiscoverypath=/event/107103499n-rohna-charleston-indie-night-at-lo-fi-brewing
2025-08-12,Google Alert - Lofi,https://www.ainvest.com/news/moonbull-drives-hype-exclusive-whitelist-secret-rewards-2508/,"=== News - 10 new results for [Lofi] ===
",Google Alert,lofi,pending,,50,,https://www.ainvest.com/news/moonbull-drives-hype-exclusive-whitelist-secret-rewards-2508/
2025-08-12,Google Alert - Lofi,https://www.youtube.com/watch?v=54irPK0AxyE,"=== News - 10 new results for [Lofi] ===
",Google Alert,lofi,pending,,50,,https://www.youtube.com/watch?v=54irpk0axye
2025-08-12,Google Alert - Lofi,http://www.msn.com/en-us/entertainment/news/eastwest-sounds-at-plugin-week-2025-introducing-lo-fi-ancient-kingdom-plus-get-composercloud-for-its-lowest-price-ever/ar-AA1HGh9J?apiversion=v2&noservercache=1&domshim=1&renderwebcomponents=1&wcseo=1&batchservertelemetry=1&noservertelemetry=1,"=== News - 10 new results for [Lofi] ===
",Google Alert,lofi,pending,,50,,http://www.msn.com/en-us/entertainment/news/eastwest-sounds-at-plugin-week-2025-introducing-lo-fi-ancient-kingdom-plus-get-composercloud-for-its-lowest-price-ever/ar-aa1hgh9j?apiversion=v2&noservercache=1&domshim=1&renderwebcomponents=1&wcseo=1&batchservertelemetry=1&noservertelemetry=1
2025-08-12,Google Alert - Lofi,https://www.highsnobiety.com/p/havaianas-zellerfeld-3d-printed-flip-flop/,"=== News - 5 new results for [Lofi] ===
",Google Alert,lofi,pending,,50,,https://www.highsnobiety.com/p/havaianas-zellerfeld-3d-printed-flip-flop/
2025-08-12,Google Alert - Lofi,https://www.highsnobiety.com/p/havaianas-zellerfeld-3d-printed-flip-flop/,"=== News - 5 new results for [Lofi] ===
",Google Alert,lofi,pending,,50,,https://www.highsnobiety.com/p/havaianas-zellerfeld-3d-printed-flip-flop/
2025-08-12,Google Alert - Lofi,https://themusic.com.au/news/laguna-creative-empowerment-grime-nostalgia-sweetlips/DZGzAQADAgU/04-08-25,"=== News - 5 new results for [Lofi] ===
",Google Alert,lofi,pending,,50,,https://themusic.com.au/news/laguna-creative-empowerment-grime-nostalgia-sweetlips/dzgzaqadagu/04-08-25
2025-08-12,Google Alert - Lo-Fi,https://www.highsnobiety.com/p/havaianas-zellerfeld-3d-printed-flip-flop/,"=== News - 10 new results for [Lo-Fi] ===
",Google Alert,lofi,pending,,70,#StudioRichCore,https://www.highsnobiety.com/p/havaianas-zellerfeld-3d-printed-flip-flop/
2025-08-12,Google Alert - Lo-Fi,https://www.highsnobiety.com/p/havaianas-zellerfeld-3d-printed-flip-flop/,"=== News - 10 new results for [Lo-Fi] ===
",Google Alert,lofi,pending,,70,#StudioRichCore,https://www.highsnobiety.com/p/havaianas-zellerfeld-3d-printed-flip-flop/
2025-08-12,Google Alert - Lo-Fi,https://vocal.media/fyi/my-name-is-pink-why-tik-tok-s-opposite-trend-speaks-louder-than-you-think,"=== News - 10 new results for [Lo-Fi] ===
",Google Alert,lofi,pending,,70,#StudioRichCore,https://vocal.media/fyi/my-name-is-pink-why-tik-tok-s-opposite-trend-speaks-louder-than-you-think
2025-08-12,Google Alert - Lo-Fi,https://ufo-network.com/2025/08/04/edm-trends-august-2025/,"=== News - 10 new results for [Lo-Fi] ===
",Google Alert,lofi,pending,,70,#StudioRichCore,https://ufo-network.com/2025/08/04/edm-trends-august-2025/
2025-08-12,Google Alert - Lo-Fi,https://www.brenhambanner.com/local-events/?_evDiscoveryPath=/event/107135091n-zenjii-tiny-table-concert-series,"=== News - 10 new results for [Lo-Fi] ===
",Google Alert,lofi,pending,,70,#StudioRichCore,https://www.brenhambanner.com/local-events/?_evdiscoverypath=/event/107135091n-zenjii-tiny-table-concert-series
2025-08-12,Google Alert - Lo-Fi,https://www.techeblog.com/nucleo-reverb-nuclear-power-plant-guitar-pedal/,"=== News - 10 new results for [Lo-Fi] ===
",Google Alert,lofi,pending,,70,#StudioRichCore,https://www.techeblog.com/nucleo-reverb-nuclear-power-plant-guitar-pedal/
2025-08-12,Google Alert - Lo-Fi,https://www.favikon.com/blog/who-is-lily-ki-aka-lilypichu,"=== News - 10 new results for [Lo-Fi] ===
",Google Alert,lofi,pending,,70,#StudioRichCore,https://www.favikon.com/blog/who-is-lily-ki-aka-lilypichu
2025-08-12,Google Alert - Lo-Fi,https://www.antimusic.com/p/25/0803d4vd_announces_withered_deluxe_marcescence_with_hannah_bahng_collab.shtml,"=== News - 10 new results for [Lo-Fi] ===
",Google Alert,lofi,pending,,70,#StudioRichCore,https://www.antimusic.com/p/25/0803d4vd_announces_withered_deluxe_marcescence_with_hannah_bahng_collab.shtml
2025-08-12,Google Alert - Lo-Fi,https://www.watoday.com.au/goodfood/sydney-eating-out/euro-summer-comes-to-cronulla-with-athenian-wine-bar-homer-20250801-p5mjop.html?ref=rss&utm_medium=rss&utm_source=rss_feed,"=== News - 10 new results for [Lo-Fi] ===
",Google Alert,lofi,pending,,70,#StudioRichCore,https://www.watoday.com.au/goodfood/sydney-eating-out/euro-summer-comes-to-cronulla-with-athenian-wine-bar-homer-20250801-p5mjop.html?ref=rss&utm_medium=rss&utm_source=rss_feed
2025-08-12,Google Alert - Lo-Fi,https://www.inkl.com/news/i-turned-my-fujifilm-x-t5-into-a-vlogging-camera-for-less-than-us-20,"=== News - 10 new results for [Lo-Fi] ===
",Google Alert,lofi,pending,,70,#StudioRichCore,https://www.inkl.com/news/i-turned-my-fujifilm-x-t5-into-a-vlogging-camera-for-less-than-us-20
2025-08-12,Google Alert - Lo-Fi,https://www.forbes.com/sites/danidiplacido/2025/08/04/its-the-end-of-an-era-for-youtubes-lofi-girl/,"=== News - 10 new results for [Lo-Fi] ===
",Google Alert,lofi,pending,,70,#StudioRichCore,https://www.forbes.com/sites/danidiplacido/2025/08/04/its-the-end-of-an-era-for-youtubes-lofi-girl/
2025-08-12,Google Alert - Lo-Fi,https://www.forbes.com/sites/danidiplacido/2025/08/04/its-the-end-of-an-era-for-youtubes-lofi-girl/,"=== News - 10 new results for [Lo-Fi] ===
",Google Alert,lofi,pending,,70,#StudioRichCore,https://www.forbes.com/sites/danidiplacido/2025/08/04/its-the-end-of-an-era-for-youtubes-lofi-girl/
2025-08-12,Google Alert - Lo-Fi,https://v13.net/2025/08/i61-delivers-lo-fi-storytelling-with-soul-on-storytell-2/,"=== News - 10 new results for [Lo-Fi] ===
",Google Alert,lofi,pending,,70,#StudioRichCore,https://v13.net/2025/08/i61-delivers-lo-fi-storytelling-with-soul-on-storytell-2/
2025-08-12,Google Alert - Lo-Fi,https://v13.net/2025/08/i61-delivers-lo-fi-storytelling-with-soul-on-storytell-2/,"=== News - 10 new results for [Lo-Fi] ===
",Google Alert,lofi,pending,,70,#StudioRichCore,https://v13.net/2025/08/i61-delivers-lo-fi-storytelling-with-soul-on-storytell-2/
2025-08-12,Google Alert - Lo-Fi,https://inews.zoombangla.com/lofi-girl-graduates-viral-study-icon-ends-record-stream-after-7-years/,"=== News - 10 new results for [Lo-Fi] ===
",Google Alert,lofi,pending,,70,#StudioRichCore,https://inews.zoombangla.com/lofi-girl-graduates-viral-study-icon-ends-record-stream-after-7-years/
2025-08-12,Google Alert - Lo-Fi,https://inews.zoombangla.com/lofi-girl-graduates-viral-study-icon-ends-record-stream-after-7-years/,"=== News - 10 new results for [Lo-Fi] ===
",Google Alert,lofi,pending,,70,#StudioRichCore,https://inews.zoombangla.com/lofi-girl-graduates-viral-study-icon-ends-record-stream-after-7-years/
2025-08-12,Google Alert - Lo-Fi,https://www.dailydot.com/news/lofi-girl-graduated/,"=== News - 10 new results for [Lo-Fi] ===
",Google Alert,lofi,pending,,70,#StudioRichCore,https://www.dailydot.com/news/lofi-girl-graduated/
2025-08-12,Google Alert - Lo-Fi,https://www.dailydot.com/news/lofi-girl-graduated/,"=== News - 10 new results for [Lo-Fi] ===
",Google Alert,lofi,pending,,70,#StudioRichCore,https://www.dailydot.com/news/lofi-girl-graduated/
2025-08-12,Google Alert - Lo-Fi,https://www.treblezine.com/10-great-punk-albums-from-spring-summer-2025/,"=== News - 10 new results for [Lo-Fi] ===
",Google Alert,lofi,pending,,70,#StudioRichCore,https://www.treblezine.com/10-great-punk-albums-from-spring-summer-2025/
2025-08-12,Google Alert - Lo-Fi,https://echoesanddust.com/2025/08/duncan-park-path-to-the-gallows/,"=== News - 10 new results for [Lo-Fi] ===
",Google Alert,lofi,pending,,70,#StudioRichCore,https://echoesanddust.com/2025/08/duncan-park-path-to-the-gallows/
2025-08-12,Google Alert - Lo-Fi,https://www.gamespress.com/en-GB/Spirit-City-Lofi-Sessions-Announces-All-Aboard-Expansion-Release-Date,"=== News - 10 new results for [Lo-Fi] ===
",Google Alert,lofi,pending,,70,#StudioRichCore,https://www.gamespress.com/en-gb/spirit-city-lofi-sessions-announces-all-aboard-expansion-release-date
2025-08-12,Google Alert - Lo-Fi,https://www.smh.com.au/goodfood/melbourne-eating-out/its-sibling-is-unmistakably-melbourne-but-does-harriot-have-the-same-pulling-power-20250801-p5mjm3.html,"=== News - 10 new results for [Lo-Fi] ===
",Google Alert,lofi,pending,,70,#StudioRichCore,https://www.smh.com.au/goodfood/melbourne-eating-out/its-sibling-is-unmistakably-melbourne-but-does-harriot-have-the-same-pulling-power-20250801-p5mjm3.html
2025-08-12,Google Alert - Lo-Fi,https://www.smh.com.au/goodfood/melbourne-eating-out/its-sibling-is-unmistakably-melbourne-but-does-harriot-have-the-same-pulling-power-20250801-p5mjm3.html,"=== News - 10 new results for [Lo-Fi] ===
",Google Alert,lofi,pending,,70,#StudioRichCore,https://www.smh.com.au/goodfood/melbourne-eating-out/its-sibling-is-unmistakably-melbourne-but-does-harriot-have-the-same-pulling-power-20250801-p5mjm3.html
2025-08-12,Google Alert - Lo-Fi,https://losalamosreporter.com/2025/08/04/tokyo-nights-anime-lounge-set-for-aug-9-at-sala-social-center/,"=== News - 10 new results for [Lo-Fi] ===
",Google Alert,lofi,pending,,70,#StudioRichCore,https://losalamosreporter.com/2025/08/04/tokyo-nights-anime-lounge-set-for-aug-9-at-sala-social-center/
2025-08-12,Google Alert - Lo-Fi,https://www.empireonline.com/movies/news/toxic-avenger-trailer-exclusive-troma-cult-hero/,"=== News - 10 new results for [Lo-Fi] ===
",Google Alert,lofi,pending,,70,#StudioRichCore,https://www.empireonline.com/movies/news/toxic-avenger-trailer-exclusive-troma-cult-hero/
2025-08-12,Google Alert - Lofi,https://www.forbes.com/sites/danidiplacido/2025/08/04/its-the-end-of-an-era-for-youtubes-lofi-girl/,"=== News - 7 new results for [Lofi] ===
",Google Alert,lofi,pending,,50,,https://www.forbes.com/sites/danidiplacido/2025/08/04/its-the-end-of-an-era-for-youtubes-lofi-girl/
2025-08-12,Google Alert - Lofi,https://www.forbes.com/sites/danidiplacido/2025/08/04/its-the-end-of-an-era-for-youtubes-lofi-girl/,"=== News - 7 new results for [Lofi] ===
",Google Alert,lofi,pending,,50,,https://www.forbes.com/sites/danidiplacido/2025/08/04/its-the-end-of-an-era-for-youtubes-lofi-girl/
2025-08-12,Google Alert - Lofi,https://v13.net/2025/08/i61-delivers-lo-fi-storytelling-with-soul-on-storytell-2/,"=== News - 7 new results for [Lofi] ===
",Google Alert,lofi,pending,,50,,https://v13.net/2025/08/i61-delivers-lo-fi-storytelling-with-soul-on-storytell-2/
2025-08-12,Google Alert - Lofi,https://v13.net/2025/08/i61-delivers-lo-fi-storytelling-with-soul-on-storytell-2/,"=== News - 7 new results for [Lofi] ===
",Google Alert,lofi,pending,,50,,https://v13.net/2025/08/i61-delivers-lo-fi-storytelling-with-soul-on-storytell-2/
2025-08-12,Google Alert - Lofi,https://inews.zoombangla.com/lofi-girl-graduates-viral-study-icon-ends-record-stream-after-7-years/,"=== News - 7 new results for [Lofi] ===
",Google Alert,lofi,pending,,50,,https://inews.zoombangla.com/lofi-girl-graduates-viral-study-icon-ends-record-stream-after-7-years/
2025-08-12,Google Alert - Lofi,https://inews.zoombangla.com/lofi-girl-graduates-viral-study-icon-ends-record-stream-after-7-years/,"=== News - 7 new results for [Lofi] ===
",Google Alert,lofi,pending,,50,,https://inews.zoombangla.com/lofi-girl-graduates-viral-study-icon-ends-record-stream-after-7-years/
2025-08-12,Google Alert - Lofi,https://www.dailydot.com/news/lofi-girl-graduated/,"=== News - 7 new results for [Lofi] ===
",Google Alert,lofi,pending,,50,,https://www.dailydot.com/news/lofi-girl-graduated/
2025-08-12,Google Alert - Lofi,https://www.dailydot.com/news/lofi-girl-graduated/,"=== News - 7 new results for [Lofi] ===
",Google Alert,lofi,pending,,50,,https://www.dailydot.com/news/lofi-girl-graduated/
2025-08-12,Google Alert - Lofi,https://www.theage.com.au/goodfood/melbourne-eating-out/its-sibling-is-unmistakably-melbourne-but-does-harriot-have-the-same-pulling-power-20250801-p5mjm3.html,"=== News - 7 new results for [Lofi] ===
",Google Alert,lofi,pending,,50,,https://www.theage.com.au/goodfood/melbourne-eating-out/its-sibling-is-unmistakably-melbourne-but-does-harriot-have-the-same-pulling-power-20250801-p5mjm3.html
2025-08-12,Google Alert - Lofi,https://www.smh.com.au/goodfood/melbourne-eating-out/its-sibling-is-unmistakably-melbourne-but-does-harriot-have-the-same-pulling-power-20250801-p5mjm3.html,"=== News - 7 new results for [Lofi] ===
",Google Alert,lofi,pending,,50,,https://www.smh.com.au/goodfood/melbourne-eating-out/its-sibling-is-unmistakably-melbourne-but-does-harriot-have-the-same-pulling-power-20250801-p5mjm3.html
2025-08-12,Google Alert - Lofi,https://www.smh.com.au/goodfood/melbourne-eating-out/its-sibling-is-unmistakably-melbourne-but-does-harriot-have-the-same-pulling-power-20250801-p5mjm3.html,"=== News - 7 new results for [Lofi] ===
",Google Alert,lofi,pending,,50,,https://www.smh.com.au/goodfood/melbourne-eating-out/its-sibling-is-unmistakably-melbourne-but-does-harriot-have-the-same-pulling-power-20250801-p5mjm3.html
2025-08-12,Google Alert - Lo-Fi,https://24hip-hop.com/aguynamed-chai-the-sound-of-vulnerability-with-swagger/,"=== News - 10 new results for [Lo-Fi] ===
",Google Alert,lofi,pending,,70,#StudioRichCore,https://24hip-hop.com/aguynamed-chai-the-sound-of-vulnerability-with-swagger/
2025-08-12,Google Alert - Lo-Fi,https://www.wkms.org/podcast/alien-lanes/2025-08-09/alien-lanes-august-8-2025,"=== News - 10 new results for [Lo-Fi] ===
",Google Alert,lofi,pending,,70,#StudioRichCore,https://www.wkms.org/podcast/alien-lanes/2025-08-09/alien-lanes-august-8-2025
2025-08-12,Google Alert - Lo-Fi,https://faroutmagazine.co.uk/best-chrome-albums-of-all-time/,"=== News - 10 new results for [Lo-Fi] ===
",Google Alert,lofi,pending,,70,#StudioRichCore,https://faroutmagazine.co.uk/best-chrome-albums-of-all-time/
2025-08-12,Google Alert - Lo-Fi,https://rollingstoneindia.com/this-luxury-party-resort-is-as-much-about-slowing-down-as-it-is-about-iconic-ibiza-raves/amp/,"=== News - 10 new results for [Lo-Fi] ===
",Google Alert,lofi,pending,,70,#StudioRichCore,https://rollingstoneindia.com/this-luxury-party-resort-is-as-much-about-slowing-down-as-it-is-about-iconic-ibiza-raves/amp/
2025-08-12,Google Alert - Lo-Fi,https://www.vcreporter.com/local-events/?_evDiscoveryPath=/event/107198883n-logan-ellis-sheppard-seacoast-grace-sunday-service,"=== News - 10 new results for [Lo-Fi] ===
",Google Alert,lofi,pending,,70,#StudioRichCore,https://www.vcreporter.com/local-events/?_evdiscoverypath=/event/107198883n-logan-ellis-sheppard-seacoast-grace-sunday-service
2025-08-12,Google Alert - Lo-Fi,https://www.irishstar.com/news/us-news/walmart-new-stores-popup-trucks-35700954,"=== News - 10 new results for [Lo-Fi] ===
",Google Alert,lofi,pending,,70,#StudioRichCore,https://www.irishstar.com/news/us-news/walmart-new-stores-popup-trucks-35700954
2025-08-12,Google Alert - Lo-Fi,https://www.starburstmagazine.com/reviews/fly-you-fools-edinburgh-fringe/,"=== News - 10 new results for [Lo-Fi] ===
",Google Alert,lofi,pending,,70,#StudioRichCore,https://www.starburstmagazine.com/reviews/fly-you-fools-edinburgh-fringe/
2025-08-12,Google Alert - Lo-Fi,https://www.exmouthjournal.co.uk/local-events?_evDiscoveryPath=/event/1034279830n-the-bluetones,"=== News - 10 new results for [Lo-Fi] ===
",Google Alert,lofi,pending,,70,#StudioRichCore,https://www.exmouthjournal.co.uk/local-events?_evdiscoverypath=/event/1034279830n-the-bluetones
2025-08-12,Google Alert - Lo-Fi,https://www.personcountylife.com/local-events/?_evDiscoveryPath=/event/107103245n-the-prof-fuzz-63,"=== News - 10 new results for [Lo-Fi] ===
",Google Alert,lofi,pending,,70,#StudioRichCore,https://www.personcountylife.com/local-events/?_evdiscoverypath=/event/107103245n-the-prof-fuzz-63
2025-08-12,Google Alert - Lo-Fi,https://keithlovesmovies.com/2025/08/08/fantasia-fest-2025-obex-review/,"=== News - 10 new results for [Lo-Fi] ===
",Google Alert,lofi,pending,,70,#StudioRichCore,https://keithlovesmovies.com/2025/08/08/fantasia-fest-2025-obex-review/
2025-08-12,Google Alert - Lo-Fi,https://m.youtube.com/watch?v=J87SoygF34g&pp=0gcJCa0JAYcqIYzv,"=== News - 10 new results for [Lo-Fi] ===
",Google Alert,lofi,pending,,70,#StudioRichCore,https://m.youtube.com/watch?v=j87soygf34g&pp=0gcjca0jaycqiyzv
2025-08-12,Google Alert - Lofi,http://www.msn.com/en-us/tv/news/disney-and-iam8bit-team-up-for-a-lo-fi-gravity-falls-vinyl/ar-AA1HM6vK?apiversion=v2&noservercache=1&domshim=1&renderwebcomponents=1&wcseo=1&batchservertelemetry=1&noservertelemetry=1,"=== News - 2 new results for [Lofi] ===
",Google Alert,lofi,pending,,50,,http://www.msn.com/en-us/tv/news/disney-and-iam8bit-team-up-for-a-lo-fi-gravity-falls-vinyl/ar-aa1hm6vk?apiversion=v2&noservercache=1&domshim=1&renderwebcomponents=1&wcseo=1&batchservertelemetry=1&noservertelemetry=1
2025-08-12,Google Alert - Lofi,http://www.msn.com/en-us/tv/news/disney-and-iam8bit-team-up-for-a-lo-fi-gravity-falls-vinyl/ar-AA1HM6vK?apiversion=v2&noservercache=1&domshim=1&renderwebcomponents=1&wcseo=1&batchservertelemetry=1&noservertelemetry=1,"=== News - 2 new results for [Lofi] ===
",Google Alert,lofi,pending,,50,,http://www.msn.com/en-us/tv/news/disney-and-iam8bit-team-up-for-a-lo-fi-gravity-falls-vinyl/ar-aa1hm6vk?apiversion=v2&noservercache=1&domshim=1&renderwebcomponents=1&wcseo=1&batchservertelemetry=1&noservertelemetry=1
2025-08-12,Google Alert - Lo-Fi,http://www.msn.com/en-us/tv/news/disney-and-iam8bit-team-up-for-a-lo-fi-gravity-falls-vinyl/ar-AA1HM6vK?apiversion=v2&noservercache=1&domshim=1&renderwebcomponents=1&wcseo=1&batchservertelemetry=1&noservertelemetry=1,"=== News - 10 new results for [Lo-Fi] ===
",Google Alert,lofi,pending,,70,#StudioRichCore,http://www.msn.com/en-us/tv/news/disney-and-iam8bit-team-up-for-a-lo-fi-gravity-falls-vinyl/ar-aa1hm6vk?apiversion=v2&noservercache=1&domshim=1&renderwebcomponents=1&wcseo=1&batchservertelemetry=1&noservertelemetry=1
2025-08-12,Google Alert - Lo-Fi,http://www.msn.com/en-us/tv/news/disney-and-iam8bit-team-up-for-a-lo-fi-gravity-falls-vinyl/ar-AA1HM6vK?apiversion=v2&noservercache=1&domshim=1&renderwebcomponents=1&wcseo=1&batchservertelemetry=1&noservertelemetry=1,"=== News - 10 new results for [Lo-Fi] ===
",Google Alert,lofi,pending,,70,#StudioRichCore,http://www.msn.com/en-us/tv/news/disney-and-iam8bit-team-up-for-a-lo-fi-gravity-falls-vinyl/ar-aa1hm6vk?apiversion=v2&noservercache=1&domshim=1&renderwebcomponents=1&wcseo=1&batchservertelemetry=1&noservertelemetry=1
2025-08-12,Google Alert - Lo-Fi,https://www.musicradar.com/music-tech/eventide-is-giving-away-a-killer-usd99-distortion-plugin-for-free,"=== News - 10 new results for [Lo-Fi] ===
",Google Alert,lofi,pending,,70,#StudioRichCore,https://www.musicradar.com/music-tech/eventide-is-giving-away-a-killer-usd99-distortion-plugin-for-free
2025-08-12,Google Alert - Lo-Fi,https://www.theguardian.com/film/2025/aug/11/that-alien-sound-review-super-kooky-indie-comedy-puts-sound-wave-et-in-womans-body,"=== News - 10 new results for [Lo-Fi] ===
",Google Alert,lofi,pending,,70,#StudioRichCore,https://www.theguardian.com/film/2025/aug/11/that-alien-sound-review-super-kooky-indie-comedy-puts-sound-wave-et-in-womans-body
2025-08-12,Google Alert - Lo-Fi,https://1428elm.com/going-viral-5-horror-movies-from-directors-who-got-their-start-on-youtube,"=== News - 10 new results for [Lo-Fi] ===
",Google Alert,lofi,pending,,70,#StudioRichCore,https://1428elm.com/going-viral-5-horror-movies-from-directors-who-got-their-start-on-youtube
2025-08-12,Google Alert - Lo-Fi,https://www.merca20.com/what-are-walmarts-new-mobile-stores-like-well-tell-you/,"=== News - 10 new results for [Lo-Fi] ===
",Google Alert,lofi,pending,,70,#StudioRichCore,https://www.merca20.com/what-are-walmarts-new-mobile-stores-like-well-tell-you/
2025-08-12,Google Alert - Lo-Fi,https://nationaltechnology.co.uk/Walmart_launches_immersive_online_storefronts_to_capture_attention.php,"=== News - 10 new results for [Lo-Fi] ===
",Google Alert,lofi,pending,,70,#StudioRichCore,https://nationaltechnology.co.uk/walmart_launches_immersive_online_storefronts_to_capture_attention.php
2025-08-12,Google Alert - Lo-Fi,https://retailtechinnovationhub.com/home/2025/8/10/walmart-sets-sights-on-gen-z-and-gen-alpha-as-retailer-introduces-new-immersive-online-storefronts,"=== News - 10 new results for [Lo-Fi] ===
",Google Alert,lofi,pending,,70,#StudioRichCore,https://retailtechinnovationhub.com/home/2025/8/10/walmart-sets-sights-on-gen-z-and-gen-alpha-as-retailer-introduces-new-immersive-online-storefronts
2025-08-12,Google Alert - Lo-Fi,https://list.co.uk/event/jack-cheshire-404752?venue=The Sebright Arms,"=== News - 10 new results for [Lo-Fi] ===
",Google Alert,lofi,pending,,70,#StudioRichCore,https://list.co.uk/event/jack-cheshire-404752?venue=the sebright arms
2025-08-12,Google Alert - Lo-Fi,https://geargods.net/news/buster-odeholm-bottles-his-vildhjarta-brutality-in-the-all-new-thall-amp-plugin/,"=== News - 10 new results for [Lo-Fi] ===
",Google Alert,lofi,pending,,70,#StudioRichCore,https://geargods.net/news/buster-odeholm-bottles-his-vildhjarta-brutality-in-the-all-new-thall-amp-plugin/
2025-08-12,Google Alert - Lo-Fi,https://www.thepitchkc.com/fantasia-fest-buffet-infinity-cobbles-together-found-footage-horror-from-retro-tv-ads/,"=== News - 10 new results for [Lo-Fi] ===
",Google Alert,lofi,pending,,70,#StudioRichCore,https://www.thepitchkc.com/fantasia-fest-buffet-infinity-cobbles-together-found-footage-horror-from-retro-tv-ads/
